0.0,2.00988932763,0.909214575488,1.12004372461,0.0,0.0,2.11021165322,0.070054165453,-0.131914122405,0.131749517845,0.107935945499,0.178331842959,0.153862608012,-2.55324650311e-11,0.0,-1.47441494948e-13,-1.37353650901e-13,0.33108164644,-0.977251696008,-0.426835352203,0.30704158209,0.708489231679,0.224274592745,2.61877930136,0.235402705259,0.183226151855,-0.213488646951,0.0191108878963,-1.31940014469e-11,0.0,-3.39370578406e-13,2.78468359483e-11,0.0,-2.27270883394e-14,-2.20740280074e-13,-4.06202849135e-12,-4.44489013115e-14,9.24250872056e-14,0.0,5.8725513996e-14,2.70363145854e-15,-1.04203505291e-14,0.0,-4.44489013115e-14,9.24250872056e-14,0.0,5.8725513996e-14,2.70363145854e-15,-1.04203505291e-14,0.0
0.0100238323212,2.00992982974,0.908943099654,1.12002675684,0.0,0.0,2.10604846502,0.0704432486222,-0.132164126001,0.136214940965,0.107935215154,0.178582882699,0.153550952877,-2.55337972987e-11,0.0,-1.46725140264e-13,-1.37140216458e-13,0.327690065533,-0.980295763422,-0.442613159667,0.30717732152,0.707764538863,0.241526427147,2.632873142,0.235603626769,0.182719620324,-0.210873640372,0.0190007214473,-1.31942790027e-11,0.0,-3.39517774574e-13,2.78503886619e-11,0.0,-2.28840975853e-14,-2.2085313047e-13,-4.06202849135e-12,-4.4303175645e-14,9.3004463685e-14,0.0,5.78801748671e-14,2.62149725621e-15,-1.1374213108e-14,0.0,-4.4303175645e-14,9.3004463685e-14,0.0,5.78801748671e-14,2.62149725621e-15,-1.1374213108e-14,0.0
0.00999116897583,2.01009972682,0.908715979166,1.12001900537,0.0,0.0,2.10510579936,0.0689080769531,-0.132334404671,0.13732171404,0.107912859587,0.178522710459,0.153715026516,-2.55344634326e-11,0.0,-1.46445467545e-13,-1.37069071643e-13,0.32712505015,-0.979510209851,-0.42933105807,0.306685734935,0.710073560176,0.233759429615,2.62156582295,0.235865316392,0.182567002657,-0.212096052201,0.0195306247313,-1.31947230919e-11,0.0,-3.39449083028e-13,2.78528311526e-11,0.0,-2.28055929624e-14,-2.21456634758e-13,-4.06191746904e-12,-4.42044504736e-14,9.17825454105e-14,0.0,5.80483076178e-14,2.14952071341e-15,-1.08144410671e-14,0.0,-4.42044504736e-14,9.17825454105e-14,0.0,5.80483076178e-14,2.14952071341e-15,-1.08144410671e-14,0.0
0.0100500583649,2.01018659216,0.908561349311,1.12001070459,0.0,0.0,2.10552684269,0.0691265559229,-0.131681938544,0.137032946821,0.107827190983,0.178529573761,0.153726426477,-2.55349075218e-11,0.0,-1.47147102612e-13,-1.36755053151e-13,0.326738831424,-0.97885960795,-0.417057555759,0.306497805794,0.712380771547,0.224815958545,2.61355842512,0.23584497606,0.184835626582,-0.212461787077,0.0202361135625,-1.31947786031e-11,0.0,-3.39144877615e-13,2.78532752418e-11,0.0,-2.28448452738e-14,-2.21137709728e-13,-4.0620840025e-12,-4.41909823368e-14,9.1693747813e-14,0.0,5.82518131654e-14,2.2812719333e-15,-1.09812858359e-14,0.0,-4.41909823368e-14,9.1693747813e-14,0.0,5.82518131654e-14,2.2812719333e-15,-1.09812858359e-14,0.0
0.00995540618896,2.01024008879,0.908333330826,1.12005330713,0.0,0.0,2.10456343463,0.067362844614,-0.131615555588,0.138180422901,0.107577348894,0.178285369904,0.154125003201,-2.5536461834e-11,0.0,-1.46538691785e-13,-1.3671580084e-13,0.327993599048,-0.977344553981,-0.420881949008,0.306457117092,0.712372385211,0.225953209165,2.61458437766,0.235817247088,0.189033436264,-0.211084638709,0.0206112522827,-1.319511167e-11,0.0,-3.39287167244e-13,2.78550515986e-11,0.0,-2.28055929624e-14,-2.21279999357e-13,-4.06241706941e-12,-4.41378121544e-14,9.16934009474e-14,0.0,5.71513817803e-14,2.53143378812e-15,-1.11475277024e-14,0.0,-4.41378121544e-14,9.16934009474e-14,0.0,5.71513817803e-14,2.53143378812e-15,-1.11475277024e-14,0.0
0.00999736785889,2.01043929903,0.908275747065,1.12008498438,0.0,0.0,2.10996790909,0.0676417605586,-0.130288876508,0.132408191489,0.107111385549,0.178096695547,0.154466261286,-2.55360177448e-11,0.0,-1.46676074875e-13,-1.36929235283e-13,0.330558551155,-0.976356862911,-0.432942413788,0.306344354348,0.709404807001,0.231565746567,2.62350656181,0.23566195425,0.192872235217,-0.211160342932,0.0209050266555,-1.31953892257e-11,0.0,-3.39061466453e-13,2.7853719331e-11,0.0,-2.28055929624e-14,-2.21324158207e-13,-4.06258360286e-12,-4.39744715169e-14,9.13812210528e-14,0.0,5.66846310862e-14,2.62639865973e-15,-1.04613531202e-14,0.0,-4.39744715169e-14,9.13812210528e-14,0.0,5.66846310862e-14,2.62639865973e-15,-1.04613531202e-14,0.0
0.0099720954895,2.01046431349,0.908038999926,1.12011727197,0.0,0.0,2.10857728724,0.0657391526596,-0.129649046669,0.133624470358,0.107382576566,0.17784330027,0.154488507345,-2.55351295664e-11,0.0,-1.46631916024e-13,-1.36674095259e-13,0.329458046828,-0.976020998602,-0.452972594028,0.306405602858,0.707312393177,0.247177736423,2.64016435589,0.235637964273,0.19576284423,-0.211007884318,0.0204603491807,-1.31956667815e-11,0.0,-3.39768008059e-13,2.7854829554e-11,0.0,-2.28055929624e-14,-2.21569485154e-13,-4.06263911401e-12,-4.38470558574e-14,9.17111929781e-14,0.0,5.63369543026e-14,2.50610903563e-15,-1.06054767084e-14,0.0,-4.38470558574e-14,9.17111929781e-14,0.0,5.63369543026e-14,2.50610903563e-15,-1.06054767084e-14,0.0
0.0100405216217,2.01048289499,0.907824523377,1.12017910059,0.0,0.0,2.10765188639,0.0647140447651,-0.128825275208,0.134106837916,0.107325860312,0.177680162047,0.154463421641,-2.55366838786e-11,0.0,-1.46568131018e-13,-1.3671334757e-13,0.330695817319,-0.973381753216,-0.4755353712,0.306621213838,0.703466652762,0.257541761158,2.66691529396,0.235278615103,0.195484070216,-0.215566486905,0.0213111171202,-1.31957778038e-11,0.0,-3.39851419221e-13,2.78572720447e-11,0.0,-2.28448452738e-14,-2.21118083572e-13,-4.06280564746e-12,-4.32613274266e-14,9.21644968302e-14,0.0,5.74087868093e-14,3.2155289392e-15,-9.75969672995e-15,0.0,-4.32613274266e-14,9.21644968302e-14,0.0,5.74087868093e-14,3.2155289392e-15,-9.75969672995e-15,0.0
0.00999426841736,2.01044490385,0.907569426217,1.12026729639,0.0,0.0,2.10514062389,0.0651487969403,-0.127894265133,0.136168837684,0.107306811668,0.177675771694,0.154227424533,-2.55371279678e-11,0.0,-1.47235420313e-13,-1.36404235618e-13,0.328319280397,-0.976074258791,-0.480159141997,0.30618236664,0.705352426009,0.266680345389,2.66417699509,0.235784287637,0.205182776396,-0.207258530482,0.0215252246925,-1.31958333149e-11,0.0,-3.40067306934e-13,2.78574940893e-11,0.0,-2.29626022083e-14,-2.21044485488e-13,-4.06269462516e-12,-4.34252290743e-14,9.23214368421e-14,0.0,5.65237229193e-14,3.06489473821e-15,-9.89282619858e-15,0.0,-4.34252290743e-14,9.23214368421e-14,0.0,5.65237229193e-14,3.06489473821e-15,-9.89282619858e-15,0.0
0.00997471809387,2.0104512597,0.907361188526,1.12030110987,0.0,0.0,2.10526782618,0.062702881258,-0.12640561431,0.136051268282,0.107191908436,0.177224845959,0.154641515598,-2.55384602355e-11,0.0,-1.47093130684e-13,-1.3680657181e-13,0.330476985771,-0.971205232775,-0.452123221429,0.305857189405,0.712650727097,0.240467177996,2.64028406362,0.235538084062,0.218209141522,-0.208296307834,0.0233719084623,-1.3196221893e-11,0.0,-3.40037867701e-13,2.78601586245e-11,0.0,-2.29626022083e-14,-2.20548925056e-13,-4.06252809171e-12,-4.3489045272e-14,9.16756133846e-14,0.0,5.72593109018e-14,2.85192505495e-15,-9.50641167828e-15,0.0,-4.3489045272e-14,9.16756133846e-14,0.0,5.72593109018e-14,2.85192505495e-15,-9.50641167828e-15,0.0
0.00996232032776,2.01038091287,0.907132223893,1.12035811669,0.0,0.0,2.10388221785,0.0632589459209,-0.12629846326,0.137061161489,0.106670166935,0.177319723765,0.154523843353,-2.55391263693e-11,0.0,-1.4789289653e-13,-1.37253066853e-13,0.330195736916,-0.973468888294,-0.461541112877,0.30574215059,0.714056774582,0.248052053463,2.64847533297,0.235531639457,0.225940267819,-0.208103445967,0.0229418072696,-1.31970545603e-11,0.0,-3.40116372323e-13,2.78612688476e-11,0.0,-2.28448452738e-14,-2.2057345775e-13,-4.06252809171e-12,-4.29494063538e-14,9.22900879076e-14,0.0,5.84079186233e-14,3.29992213325e-15,-9.16855790119e-15,0.0,-4.29494063538e-14,9.22900879076e-14,0.0,5.84079186233e-14,3.29992213325e-15,-9.16855790119e-15,0.0
0.0100951194763,2.01036057958,0.906890641024,1.12043904932,0.0,0.0,2.10338598849,0.0605012814852,-0.125800393866,0.137260891672,0.106475629701,0.176974283714,0.154837071814,-2.55395704585e-11,0.0,-1.48246167333e-13,-1.37336478015e-13,0.329258363793,-0.972257831917,-0.470005616924,0.305479480297,0.718116205421,0.255567942877,2.65397853161,0.235674851769,0.233791563253,-0.206629510863,0.023921665121,-1.31964439376e-11,0.0,-3.40185063869e-13,2.78619349814e-11,0.0,-2.28055929624e-14,-2.20220186947e-13,-4.06258360286e-12,-4.23999514112e-14,9.30830542843e-14,0.0,5.91062568044e-14,4.02562365448e-15,-8.70699581974e-15,0.0,-4.23999514112e-14,9.30830542843e-14,0.0,5.91062568044e-14,4.02562365448e-15,-8.70699581974e-15,0.0
0.0100290775299,2.01029185834,0.906689588053,1.12045650537,0.0,0.0,2.1035110472,0.0591654945971,-0.124578939184,0.13664264347,0.10623204693,0.176959552894,0.154915767787,-2.55393484139e-11,0.0,-1.48000840387e-13,-1.37108323955e-13,0.328123776721,-0.970952174415,-0.468661857106,0.305487098143,0.724443632725,0.25531403939,2.65682004796,0.235621358824,0.2396946894,-0.208963223986,0.0225631003042,-1.31970545603e-11,0.0,-3.40096746168e-13,2.78628231598e-11,0.0,-2.28448452738e-14,-2.19739346132e-13,-4.06258360286e-12,-4.22137943989e-14,9.30334065157e-14,0.0,5.87798807666e-14,3.75783424784e-15,-9.01712728618e-15,0.0,-4.22137943989e-14,9.30334065157e-14,0.0,5.87798807666e-14,3.75783424784e-15,-9.01712728618e-15,0.0
0.00992250442505,2.01010758395,0.906400083763,1.12048317773,0.0,0.0,2.10346533226,0.0580814907897,-0.12350843674,0.136581086928,0.105975137219,0.176883054378,0.15525455283,-2.55382381908e-11,0.0,-1.48383550423e-13,-1.36848277391e-13,0.326299756057,-0.969596685591,-0.472914438692,0.305275221274,0.731610569871,0.258402851576,2.66067374502,0.23528013116,0.251256914073,-0.2076128775,0.0247732662406,-1.31975541606e-11,0.0,-3.40062400395e-13,2.78608247584e-11,0.0,-2.2687836028e-14,-2.19734439593e-13,-4.06263911401e-12,-4.21464747773e-14,9.34588548316e-14,0.0,5.83550920192e-14,3.57617846167e-15,-9.18946236489e-15,0.0,-4.21464747773e-14,9.34588548316e-14,0.0,5.83550920192e-14,3.57617846167e-15,-9.18946236489e-15,0.0
0.0100438594818,2.01001760582,0.906225588067,1.12049648339,0.0,0.0,2.10560326982,0.0581185253218,-0.12213347612,0.13443657501,0.105744317556,0.176856424595,0.155366570564,-2.55377941016e-11,0.0,-1.48148036555e-13,-1.36845824122e-13,0.327212419518,-0.963082496183,-0.447340388362,0.305227439705,0.743897886041,0.227114207055,2.65219040427,0.234544720113,0.257277300991,-0.219171173422,0.026118870441,-1.31975541606e-11,0.0,-3.40435297354e-13,2.78594924907e-11,0.0,-2.29233498968e-14,-2.20063177701e-13,-4.06291666977e-12,-4.22255237179e-14,9.34206511102e-14,0.0,5.73093688079e-14,3.21648508511e-15,-9.60295623537e-15,0.0,-4.22255237179e-14,9.34206511102e-14,0.0,5.73093688079e-14,3.21648508511e-15,-9.60295623537e-15,0.0
0.00998568534851,2.00984875977,0.906002792621,1.12051583154,0.0,0.0,2.10564236115,0.0568031418129,-0.120902814268,0.133949225114,0.10567581309,0.176800891024,0.155560462201,-2.5537572057e-11,0.0,-1.47897803069e-13,-1.37505753608e-13,0.320217863028,-0.966583015223,-0.477391547303,0.304858003609,0.750918710316,0.262703331754,2.6726356784,0.234698179218,0.261278558943,-0.210628210521,0.0246031017583,-1.31976096718e-11,0.0,-3.41146745499e-13,2.78588263569e-11,0.0,-2.27270883394e-14,-2.19857103066e-13,-4.06297218092e-12,-4.22551718605e-14,9.39841405369e-14,0.0,5.66552003114e-14,2.71215143218e-15,-1.01811153424e-14,0.0,-4.22551718605e-14,9.39841405369e-14,0.0,5.66552003114e-14,2.71215143218e-15,-1.01811153424e-14,0.0
0.00997996330261,2.00961635981,0.90573902005,1.12059285791,0.0,0.0,2.10336460744,0.0566128289797,-0.120135631429,0.135563480626,0.105973470203,0.177058237118,0.155732945211,-2.55389043247e-11,0.0,-1.47907616147e-13,-1.37905636531e-13,0.315889571207,-0.964051345586,-0.465189339345,0.304397981341,0.767185925341,0.253288025501,2.66186330272,0.234354388157,0.273434165339,-0.214953014834,0.0269614910828,-1.31976651829e-11,0.0,-3.41122212805e-13,2.78581602231e-11,0.0,-2.27663406509e-14,-2.20259439259e-13,-4.06297218092e-12,-4.1662793267e-14,9.46781636571e-14,0.0,5.66224152556e-14,2.7016379402e-15,-9.74861229554e-15,0.0,-4.1662793267e-14,9.46781636571e-14,0.0,5.66224152556e-14,2.7016379402e-15,-9.74861229554e-15,0.0
0.0100045204163,2.00946757598,0.905538067483,1.12064846094,0.0,0.0,2.10486110716,0.0543406424292,-0.117817125385,0.134095017605,0.105480974029,0.176717675171,0.156312650065,-2.55380161462e-11,0.0,-1.48182382327e-13,-1.37991500963e-13,0.310018518206,-0.962772987934,-0.497291355043,0.304009202576,0.773774794648,0.283980119677,2.69506898752,0.234538832681,0.26689928715,-0.217018791437,0.0255497778279,-1.31983313167e-11,0.0,-3.41171278194e-13,2.78599365799e-11,0.0,-2.27270883394e-14,-2.20774625847e-13,-4.06297218092e-12,-4.1604982237e-14,9.51850215603e-14,0.0,5.72192671015e-14,3.02833762813e-15,-8.37649019165e-15,0.0,-4.1604982237e-14,9.51850215603e-14,0.0,5.72192671015e-14,3.02833762813e-15,-8.37649019165e-15,0.0
0.0100176334381,2.00939423989,0.905472184422,1.12060207422,0.0,0.0,2.10735300894,0.0523303561479,-0.116126171457,0.130475772815,0.105313338742,0.176684368695,0.156693044461,-2.55380161462e-11,0.0,-1.48231447717e-13,-1.3827853349e-13,0.309322507586,-0.956919565425,-0.473501349048,0.30382572802,0.792411992096,0.263100221166,2.67980773643,0.233438483547,0.267288778281,-0.222321778247,0.026818857593,-1.31988864283e-11,0.0,-3.41068240877e-13,2.7862157026e-11,0.0,-2.2687836028e-14,-2.20921822015e-13,-4.06324973667e-12,-4.17027902349e-14,9.51477491625e-14,0.0,5.66793190598e-14,3.19741657201e-15,-8.02728843706e-15,0.0,-4.17027902349e-14,9.51477491625e-14,0.0,5.66793190598e-14,3.19741657201e-15,-8.02728843706e-15,0.0
0.00995016098022,2.00923803228,0.905334798269,1.120804833,0.0,0.0,2.11210776572,0.0505591770289,-0.114645312612,0.126736078956,0.10489024014,0.176630763732,0.157466458988,-2.55406806815e-11,0.0,-1.482167281e-13,-1.38607271599e-13,0.300763911937,-0.952621852118,-0.487903455502,0.303933277554,0.812305792811,0.27810509943,2.68902358034,0.23319910359,0.271779230736,-0.222439981503,0.0262022316769,-1.31988864283e-11,0.0,-3.40665904684e-13,2.7864377472e-11,0.0,-2.28055929624e-14,-2.20411541966e-13,-4.06330524783e-12,-4.1128886643e-14,9.56744431852e-14,0.0,5.73230949472e-14,3.76683875876e-15,-7.55431869477e-15,0.0,-4.1128886643e-14,9.56744431852e-14,0.0,5.73230949472e-14,3.76683875876e-15,-7.55431869477e-15,0.0
0.0100190639496,2.00891627223,0.905138532887,1.12084603174,0.0,0.0,2.11029614757,0.0489352603298,-0.113335046029,0.128442066183,0.104407684402,0.176699911034,0.158161627616,-2.55431231722e-11,0.0,-1.4816766271e-13,-1.38467435239e-13,0.297425913069,-0.946698562063,-0.462423394686,0.303442793206,0.834690707847,0.257859914684,2.67290601364,0.232446710351,0.271175631223,-0.224115872739,0.0261706604273,-1.3198775406e-11,0.0,-3.40818007391e-13,2.78634892936e-11,0.0,-2.28448452738e-14,-2.20259439259e-13,-4.06330524783e-12,-4.12569624754e-14,9.4768790881e-14,0.0,5.77076060355e-14,3.00050031738e-15,-7.7545191014e-15,0.0,-4.12569624754e-14,9.4768790881e-14,0.0,5.77076060355e-14,3.00050031738e-15,-7.7545191014e-15,0.0
0.010125875473,2.00863239226,0.904926321079,1.12090590723,0.0,0.0,2.10833011952,0.0439432317141,-0.112809568298,0.130383827541,0.104063155585,0.176682326564,0.15890060907,-2.55446774844e-11,0.0,-1.48437522352e-13,-1.3851159409e-13,0.287290202672,-0.940651627239,-0.490299958811,0.303177926526,0.856304182325,0.287795549984,2.69198461753,0.232783257461,0.271546868003,-0.223231727796,0.0243867935022,-1.31991084729e-11,0.0,-3.41136932422e-13,2.78626011152e-11,0.0,-2.28840975853e-14,-2.19803131138e-13,-4.06347178128e-12,-4.18342001175e-14,9.451992623e-14,0.0,5.78212560744e-14,2.70554089959e-15,-8.43918771691e-15,0.0,-4.18342001175e-14,9.451992623e-14,0.0,5.78212560744e-14,2.70554089959e-15,-8.43918771691e-15,0.0
0.00988912582397,2.00840386064,0.904818647926,1.12095259912,0.0,0.0,2.10831063946,0.0419806599011,-0.111377793091,0.129510786381,0.103467341828,0.176824611583,0.159268970252,-2.55466758858e-11,0.0,-1.47696634973e-13,-1.38604818329e-13,0.284914882013,-0.932419194588,-0.478447720815,0.302930831548,0.879413659457,0.275293163563,2.68939683327,0.231705719338,0.268665395671,-0.227647531946,0.0234601497902,-1.31995525621e-11,0.0,-3.41362633213e-13,2.78637113382e-11,0.0,-2.28448452738e-14,-2.19984673078e-13,-4.06341627013e-12,-4.18291805354e-14,9.39375292389e-14,0.0,5.77642442928e-14,2.89284584136e-15,-8.95169477752e-15,0.0,-4.18291805354e-14,9.39375292389e-14,0.0,5.77642442928e-14,2.89284584136e-15,-8.95169477752e-15,0.0
0.0099458694458,2.00815640761,0.904714799833,1.12095790918,0.0,0.0,2.10999471449,0.0396776329354,-0.109686107973,0.127538679497,0.103177669703,0.17682361931,0.15939753249,-2.55477861089e-11,0.0,-1.47667195739e-13,-1.38028300005e-13,0.274837484179,-0.9263275349,-0.458303581923,0.303157139285,0.914324490888,0.267171989894,2.67593189235,0.23130485625,0.277799375287,-0.224931635339,0.0221928133097,-1.32001076736e-11,0.0,-3.41311114554e-13,2.78654876951e-11,0.0,-2.28840975853e-14,-2.20046004815e-13,-4.06330524783e-12,-4.12297144585e-14,9.48251777497e-14,0.0,5.8551107387e-14,3.62495812567e-15,-8.37990173621e-15,0.0,-4.12297144585e-14,9.48251777497e-14,0.0,5.8551107387e-14,3.62495812567e-15,-8.37990173621e-15,0.0
0.0101296901703,2.00787700749,0.904623406751,1.1210268789,0.0,0.0,2.11189273286,0.038324548199,-0.108019002669,0.125202017427,0.103182511058,0.177223392982,0.159291725686,-2.55477861089e-11,0.0,-1.47681915356e-13,-1.38079818663e-13,0.262496305658,-0.918654243663,-0.467158831822,0.303042669377,0.946293552665,0.281772206112,2.67824764179,0.231203769822,0.285895823183,-0.218429660801,0.0214624578823,-1.32007738074e-11,0.0,-3.41642305932e-13,2.78672640519e-11,0.0,-2.32373683885e-14,-2.2034530369e-13,-4.06319422552e-12,-4.13677890776e-14,9.52782067565e-14,0.0,5.81851037507e-14,4.12917388337e-15,-8.57109753408e-15,0.0,-4.13677890776e-14,9.52782067565e-14,0.0,5.81851037507e-14,4.12917388337e-15,-8.57109753408e-15,0.0
0.00993609428406,2.00744730025,0.904432924715,1.12113680322,0.0,0.0,2.11118840901,0.0336627366708,-0.107598005708,0.126955967675,0.102399880945,0.17720726031,0.160228980044,-2.55475640643e-11,0.0,-1.47073504528e-13,-1.38065099047e-13,0.25314639629,-0.906774271502,-0.447076510657,0.303497441712,0.98750570008,0.268192412656,2.66065784499,0.230326119396,0.299773777828,-0.205868752125,0.020372610109,-1.32006072739e-11,0.0,-3.41718357285e-13,2.78659317843e-11,0.0,-2.33158730115e-14,-2.20458154085e-13,-4.06324973667e-12,-4.13836920582e-14,9.58773475162e-14,0.0,5.81475391814e-14,4.79037506355e-15,-8.76244847943e-15,0.0,-4.13836920582e-14,9.58773475162e-14,0.0,5.81475391814e-14,4.79037506355e-15,-8.76244847943e-15,0.0
0.00998592376709,2.00726228515,0.904455991533,1.12126528222,0.0,0.0,2.1201587407,0.0325560153957,-0.10546139734,0.119437877843,0.101891801679,0.177451791985,0.160737460959,-2.55504506441e-11,0.0,-1.46779112192e-13,-1.38227014831e-13,0.245791701618,-0.893652986129,-0.41143415989,0.304419889343,1.02706133918,0.236836120491,2.64068675982,0.228080706252,0.308596418484,-0.196472400405,0.0198318242305,-1.32008293185e-11,0.0,-3.4192443192e-13,2.78668199627e-11,0.0,-2.35906391917e-14,-2.20033738468e-13,-4.06324973667e-12,-4.13939842778e-14,9.59324332033e-14,0.0,5.80919041921e-14,4.62786459983e-15,-8.06373171401e-15,0.0,-4.13939842778e-14,9.59324332033e-14,0.0,5.80919041921e-14,4.62786459983e-15,-8.06373171401e-15,0.0
0.0099835395813,2.00678224105,0.904285178886,1.12139498193,0.0,0.0,2.11974765703,0.0316936451435,-0.103526215426,0.121354312891,0.101448707315,0.17794435594,0.160925868599,-2.55495624657e-11,0.0,-1.470195326e-13,-1.38413463311e-13,0.226496697582,-0.885068304358,-0.412260894694,0.304120194077,1.07057668901,0.253554362155,2.62652763115,0.228571187881,0.325079949026,-0.179834645277,0.0176236088188,-1.32012178966e-11,0.0,-3.42405272736e-13,2.7869484498e-11,0.0,-2.33943776344e-14,-2.2011714963e-13,-4.06341627013e-12,-4.13783111289e-14,9.59326483817e-14,0.0,5.86570469557e-14,4.37245957933e-15,-8.10405990964e-15,0.0,-4.13783111289e-14,9.59326483817e-14,0.0,5.86570469557e-14,4.37245957933e-15,-8.10405990964e-15,0.0
0.00999546051025,2.00635366701,0.904128737117,1.12154360254,0.0,0.0,2.12173144666,0.0289568033906,-0.102574735603,0.121034954486,0.100332153231,0.17820861871,0.161963400466,-2.55508947333e-11,0.0,-1.46911588743e-13,-1.38452715622e-13,0.22003401662,-0.868334216857,-0.394589951496,0.304341184677,1.10876160506,0.235219054347,2.60519792638,0.226845977372,0.336564857908,-0.169341445417,0.0186135190283,-1.32014399412e-11,0.0,-3.41338100518e-13,2.78699285872e-11,0.0,-2.34728822573e-14,-2.20225093486e-13,-4.06341627013e-12,-4.14662702154e-14,9.52770129573e-14,0.0,5.86384084784e-14,3.98462684232e-15,-8.68941744227e-15,0.0,-4.14662702154e-14,9.52770129573e-14,0.0,5.86384084784e-14,3.98462684232e-15,-8.68941744227e-15,0.0
0.0100228786469,2.00596539456,0.904105481627,1.12155330713,0.0,0.0,2.12397309094,0.0275958091177,-0.100915677719,0.119779132182,0.0996034728562,0.178403662162,0.162555464566,-2.55517829117e-11,0.0,-1.47098037223e-13,-1.38406103502e-13,0.209423760765,-0.857779428107,-0.387884993158,0.305759297331,1.15455258013,0.243723963646,2.58223539264,0.225014012221,0.35610460061,-0.139628447444,0.0132060252107,-1.32034383427e-11,0.0,-3.41308661284e-13,2.78703726764e-11,0.0,-2.32373683885e-14,-2.2006808424e-13,-4.06347178128e-12,-4.16042506711e-14,9.48334766948e-14,0.0,5.8730084143e-14,3.86330193116e-15,-8.88261595777e-15,0.0,-4.16042506711e-14,9.48334766948e-14,0.0,5.8730084143e-14,3.86330193116e-15,-8.88261595777e-15,0.0
0.0099823474884,2.00530677043,0.903912890228,1.12159798486,0.0,0.0,2.11583184651,0.0256595297782,-0.0991246355119,0.128544763544,0.098941321751,0.178595803313,0.162924636248,-2.5553337224e-11,0.0,-1.47048971834e-13,-1.38680869683e-13,0.181231946244,-0.853062866337,-0.390556051461,0.299537633149,1.18159460411,0.285440576903,2.56233341198,0.229557938261,0.334133828477,-0.116581034483,0.0117630056693,-1.32034383427e-11,0.0,-3.41448497644e-13,2.78734813008e-11,0.0,-2.30018545197e-14,-2.19658388239e-13,-4.06336075898e-12,-4.21845616914e-14,9.48489170175e-14,0.0,5.90287602825e-14,3.41282043103e-15,-9.34644088914e-15,0.0,-4.21845616914e-14,9.48489170175e-14,0.0,5.90287602825e-14,3.41282043103e-15,-9.34644088914e-15,0.0
0.00998950004578,2.00540457672,0.904192159137,1.12166530664,0.0,0.0,2.13273470222,0.0243443966828,-0.0967060494617,0.112281488878,0.0982756543644,0.17864629396,0.163554347188,-2.55542254024e-11,0.0,-1.47009719522e-13,-1.38295706376e-13,0.166900825977,-0.839339718465,-0.371576991886,0.298977797374,1.22171986232,0.287563793257,2.53649891416,0.229353187041,0.332782983039,-0.0908378899941,0.0105100518434,-1.32041044765e-11,0.0,-3.41715904016e-13,2.78752576577e-11,0.0,-2.27663406509e-14,-2.19908621725e-13,-4.06347178128e-12,-4.27098972053e-14,9.45251457617e-14,0.0,5.84422381416e-14,3.0218825271e-15,-1.02542705611e-14,0.0,-4.27098972053e-14,9.45251457617e-14,0.0,5.84422381416e-14,3.0218825271e-15,-1.02542705611e-14,0.0
0.0100355148315,2.00488847324,0.904142247323,1.12173287256,0.0,0.0,2.13076312226,0.0201330302318,-0.0951983108154,0.114888001495,0.0975682478582,0.178113630252,0.164244845537,-2.5554447447e-11,0.0,-1.47181448385e-13,-1.37915449609e-13,0.152265171852,-0.825101247783,-0.34116880364,0.298127515874,1.26169942844,0.280369629807,2.50331935288,0.229423271148,0.335009016811,-0.0719815946251,0.00919294875661,-1.32038269207e-11,0.0,-3.41737983441e-13,2.78772560591e-11,0.0,-2.27270883394e-14,-2.19476846299e-13,-4.06358280358e-12,-4.28081580893e-14,9.50574671392e-14,0.0,5.92903134532e-14,3.91924902995e-15,-9.72185153588e-15,0.0,-4.28081580893e-14,9.50574671392e-14,0.0,5.92903134532e-14,3.91924902995e-15,-9.72185153588e-15,0.0
0.00998520851135,2.00423484002,0.903948056289,1.12169350488,0.0,0.0,2.12519541845,0.0189237509436,-0.0924161844098,0.1206973136,0.0971794309187,0.178134099297,0.164581343634,-2.55553356254e-11,0.0,-1.47598504194e-13,-1.37822225369e-13,0.138361013686,-0.813442602468,-0.317472168081,0.29720993032,1.2959781019,0.284395928114,2.47316482575,0.229334206448,0.3339974808,-0.0469769970352,0.00907083786346,-1.32038824319e-11,0.0,-3.41708544207e-13,2.78774781037e-11,0.0,-2.28055929624e-14,-2.19484206107e-13,-4.06341627013e-12,-4.29940926158e-14,9.51086119089e-14,0.0,5.8934911062e-14,3.52329850666e-15,-9.48532185829e-15,0.0,-4.29940926158e-14,9.51086119089e-14,0.0,5.8934911062e-14,3.52329850666e-15,-9.48532185829e-15,0.0
0.00999522209167,2.00393420428,0.903909933239,1.12173525293,0.0,0.0,2.12969011753,0.0184808285738,-0.0894148919317,0.116008074069,0.0966965595802,0.178083597041,0.164765112019,-2.555555767e-11,0.0,-1.47677008817e-13,-1.3795715519e-13,0.129530188136,-0.800192768172,-0.292905154203,0.297002251994,1.3272723544,0.282414899474,2.44255608563,0.228348517996,0.333446357803,-0.0295752332181,0.0106915488584,-1.32041044765e-11,0.0,-3.40425484276e-13,2.78799205944e-11,0.0,-2.28055929624e-14,-2.19567617269e-13,-4.06313871437e-12,-4.24380346872e-14,9.56264515507e-14,0.0,5.92019141e-14,3.39598073133e-15,-8.52356378795e-15,0.0,-4.24380346872e-14,9.56264515507e-14,0.0,5.92019141e-14,3.39598073133e-15,-8.52356378795e-15,0.0
0.0100426673889,2.00353297528,0.90384170538,1.1218334585,0.0,0.0,2.1340314009,0.0167373553597,-0.087436854146,0.112264774554,0.0959296484596,0.177797942118,0.165369455311,-2.55568899377e-11,0.0,-1.47598504194e-13,-1.37115683763e-13,0.114233208384,-0.79041093226,-0.270594736545,0.29596179392,1.35858678148,0.297124921506,2.41442646892,0.229286071724,0.324713293039,-0.00377857948103,0.00687270414297,-1.32038824319e-11,0.0,-3.40371512348e-13,2.78723710778e-11,0.0,-2.29626022083e-14,-2.19631402275e-13,-4.06302769207e-12,-4.24432024077e-14,9.56186612839e-14,0.0,5.89376268981e-14,3.41229611314e-15,-8.37240360033e-15,0.0,-4.24432024077e-14,9.56186612839e-14,0.0,5.89376268981e-14,3.41229611314e-15,-8.37240360033e-15,0.0
0.00995659828186,2.00304113191,0.90358784137,1.12191085107,0.0,0.0,2.13531942737,0.0150822867531,-0.0863956074143,0.111743394728,0.0950260406211,0.177603514367,0.166048962178,-2.55566678931e-11,0.0,-1.47701541512e-13,-1.369439549e-13,0.10929987358,-0.77801456788,-0.208734752234,0.295698235112,1.38508926616,0.262682852422,2.38364460276,0.228908733659,0.317379480689,0.0188155577798,0.00868609669544,-1.32047150991e-11,0.0,-3.40135998479e-13,2.78748135685e-11,0.0,-2.28055929624e-14,-2.19739346132e-13,-4.06280564746e-12,-4.18742744714e-14,9.6068192483e-14,0.0,5.95791076806e-14,3.179624374e-15,-8.03893652156e-15,0.0,-4.18742744714e-14,9.6068192483e-14,0.0,5.95791076806e-14,3.179624374e-15,-8.03893652156e-15,0.0
0.0100266933441,2.00249617816,0.903306165697,1.12202791651,0.0,0.0,2.13626054725,0.0142988276479,-0.0845209999787,0.111139959231,0.0941421789753,0.177255778127,0.16649814736,-2.55566678931e-11,0.0,-1.47721167667e-13,-1.37110777224e-13,0.107508186314,-0.765368358022,-0.165266494953,0.295403562039,1.40351359015,0.244581160783,2.35490193231,0.227976423472,0.306908182546,0.0325357992334,0.00824735532877,-1.32046040768e-11,0.0,-3.4022431618e-13,2.78781442375e-11,0.0,-2.30411068312e-14,-2.19881635761e-13,-4.06286115862e-12,-4.19167528013e-14,9.55535352415e-14,0.0,5.92141779128e-14,3.43098632184e-15,-7.9574389033e-15,0.0,-4.19167528013e-14,9.55535352415e-14,0.0,5.92141779128e-14,3.43098632184e-15,-7.9574389033e-15,0.0
0.0100049972534,2.00190418236,0.902953741748,1.12207680566,0.0,0.0,2.13474288023,0.0141315680633,-0.0840899490659,0.112787085517,0.0934716954777,0.177106613051,0.166560009449,-2.55562238038e-11,0.0,-1.4803027962e-13,-1.36885076433e-13,0.105557931526,-0.754560860041,-0.105960035178,0.295148070402,1.42166572155,0.213444469175,2.33405691179,0.228020893579,0.297768520966,0.0466810284904,0.00921356081661,-1.32053257218e-11,0.0,-3.40104105976e-13,2.78783662822e-11,0.0,-2.32373683885e-14,-2.1979331806e-13,-4.06280564746e-12,-4.18600309272e-14,9.56183764546e-14,0.0,5.91905361935e-14,3.47011664915e-15,-8.11449636706e-15,0.0,-4.18600309272e-14,9.56183764546e-14,0.0,5.91905361935e-14,3.47011664915e-15,-8.11449636706e-15,0.0
0.0101552009583,2.00144786482,0.902625383765,1.12200667627,0.0,0.0,2.12862659027,0.0116459313715,-0.0836598271043,0.116637738911,0.0933018428704,0.176674041735,0.166410057702,-2.55551135808e-11,0.0,-1.46980280289e-13,-1.37331571476e-13,0.107508257127,-0.74067606646,-0.0861983792281,0.294654434986,1.43419863307,0.219266138359,2.32592955762,0.227770954544,0.28595461685,0.05622170736,0.0100116868538,-1.32054367441e-11,0.0,-3.40342073114e-13,2.78865819325e-11,0.0,-2.29626022083e-14,-2.20347756959e-13,-4.06269462516e-12,-4.19697184582e-14,9.53972221712e-14,0.0,5.92090296998e-14,3.52031897058e-15,-8.30789847718e-15,0.0,-4.19697184582e-14,9.53972221712e-14,0.0,5.92090296998e-14,3.52031897058e-15,-8.30789847718e-15,0.0
0.00988674163818,2.00096722082,0.902294920045,1.12206520899,0.0,0.0,2.13269686088,0.0132585194,-0.0821696994732,0.11209864619,0.0929072564469,0.17638952496,0.166266839439,-2.55551135808e-11,0.0,-1.47564158422e-13,-1.36818838157e-13,0.107070016724,-0.729630128293,-0.056651964478,0.294208968428,1.44372705399,0.218243037025,2.32212780302,0.228182891864,0.278647537746,0.0654858309391,0.0117128559116,-1.3205769811e-11,0.0,-3.40322446959e-13,2.789080078e-11,0.0,-2.30411068312e-14,-2.20521939092e-13,-4.06269462516e-12,-4.17819531522e-14,9.54613699281e-14,0.0,5.91905378388e-14,3.08920879325e-15,-8.79119075244e-15,0.0,-4.17819531522e-14,9.54613699281e-14,0.0,5.91905378388e-14,3.08920879325e-15,-8.79119075244e-15,0.0
0.00990629196167,2.00040354137,0.901921223522,1.12197701318,0.0,0.0,2.13297179552,0.0132846001328,-0.0804931130153,0.109461927561,0.0929779902971,0.175914873597,0.166242167327,-2.55577781161e-11,0.0,-1.47912522686e-13,-1.36517086013e-13,0.114387414191,-0.714913921462,-0.0205445112422,0.294198343146,1.44836908862,0.204748270834,2.32282972571,0.227421648324,0.272389913833,0.0635334047485,0.0102442266378,-1.32058808333e-11,0.0,-3.40538334672e-13,2.78943534937e-11,0.0,-2.29626022083e-14,-2.20443434469e-13,-4.06291666977e-12,-4.1725529227e-14,9.53702362177e-14,0.0,5.90937261263e-14,2.82462283812e-15,-8.68282502236e-15,0.0,-4.1725529227e-14,9.53702362177e-14,0.0,5.90937261263e-14,2.82462283812e-15,-8.68282502236e-15,0.0
0.0103106498718,1.9995876315,0.90146905843,1.12194130761,0.0,0.0,2.12544501401,0.012168769654,-0.0790039720458,0.11613768085,0.0928965455585,0.17540845517,0.166277772322,-2.55586662945e-11,0.0,-1.48000840387e-13,-1.35798278059e-13,0.120397952405,-0.700019479033,0.0120408430523,0.294351508474,1.45062657249,0.196624017582,2.32546591308,0.227249620849,0.262055612959,0.0705771077755,0.0126591139647,-1.3205769811e-11,0.0,-3.40562867366e-13,2.78967959844e-11,0.0,-2.30803591427e-14,-2.19888995569e-13,-4.06280564746e-12,-4.1768669944e-14,9.59095995093e-14,0.0,5.89813295358e-14,3.08997647842e-15,-9.01348788924e-15,0.0,-4.1768669944e-14,9.59095995093e-14,0.0,5.89813295358e-14,3.08997647842e-15,-9.01348788924e-15,0.0
0.0107665061951,1.99930370189,0.901217602635,1.12187447412,0.0,0.0,2.13315340178,0.0131790316502,-0.0781290457768,0.107077669041,0.0931518119984,0.175085854581,0.166112751475,-2.55593324283e-11,0.0,-1.47519999571e-13,-1.3515061492e-13,0.126264528355,-0.685658481568,0.0272722835342,0.294524745869,1.44992395755,0.205309651896,2.33353928469,0.227653686035,0.252033739086,0.0744007408189,0.012310856508,-1.32058253222e-11,0.0,-3.40530974863e-13,2.78974621182e-11,0.0,-2.29233498968e-14,-2.19812944216e-13,-4.06275013631e-12,-4.17292563183e-14,9.56185406959e-14,0.0,5.80931024737e-14,2.2247579825e-15,-9.44045767338e-15,0.0,-4.17292563183e-14,9.56185406959e-14,0.0,5.80931024737e-14,2.2247579825e-15,-9.44045767338e-15,0.0
0.00897574424744,1.99873137175,0.900619499054,1.12186910302,0.0,0.0,2.13077476393,0.0131522037522,-0.0786844950865,0.108112377714,0.0935215822414,0.174644287286,0.16597856734,-2.55602206067e-11,0.0,-1.47362990325e-13,-1.35079470106e-13,0.137718611407,-0.669436003232,0.039752838027,0.294913246785,1.44499355092,0.209547807684,2.33816064365,0.227577600726,0.242741579973,0.0832062437245,0.0121086447062,-1.32064359448e-11,0.0,-3.40538334672e-13,2.78965739398e-11,0.0,-2.31196114541e-14,-2.19525911688e-13,-4.06291666977e-12,-4.16015473969e-14,9.51476026445e-14,0.0,5.75175119062e-14,2.41611330197e-15,-9.49363987916e-15,0.0,-4.16015473969e-14,9.51476026445e-14,0.0,5.75175119062e-14,2.41611330197e-15,-9.49363987916e-15,0.0
0.0099949836731,1.99817895693,0.900106429048,1.12183046777,0.0,0.0,2.12818886368,0.0140757044681,-0.0793511585631,0.109688552466,0.0939148646002,0.174249822548,0.165766134568,-2.55584442499e-11,0.0,-1.46646635641e-13,-1.35604469771e-13,0.152247430379,-0.654445389939,0.0580295256248,0.295472727885,1.4366898521,0.205029758578,2.34785536247,0.227474440678,0.23526747496,0.0854777196585,0.0117103677297,-1.32065469671e-11,0.0,-3.40589853331e-13,2.78999046088e-11,0.0,-2.31196114541e-14,-2.19670654587e-13,-4.06302769207e-12,-4.14319412341e-14,9.52518669472e-14,0.0,5.7222100607e-14,2.5117410091e-15,-9.68293776056e-15,0.0,-4.14319412341e-14,9.52518669472e-14,0.0,5.7222100607e-14,2.5117410091e-15,-9.68293776056e-15,0.0
0.0099995136261,1.99785591007,0.899789473516,1.12175051172,0.0,0.0,2.12792988226,0.0146184154821,-0.0798439643549,0.109481845986,0.0938858883487,0.17377816129,0.165779548652,-2.55573340269e-11,0.0,-1.46543598323e-13,-1.36077950779e-13,0.172665631882,-0.63613804569,0.0571993607359,0.295907660978,1.41986479644,0.211203371971,2.36154832742,0.227104118689,0.226020799524,0.0905670979637,0.00982862082801,-1.3206491456e-11,0.0,-3.40432844085e-13,2.78996825642e-11,0.0,-2.27663406509e-14,-2.19307570706e-13,-4.06286115862e-12,-4.13574652676e-14,9.48450314982e-14,0.0,5.65440359564e-14,1.79082926932e-15,-9.87450819828e-15,0.0,-4.13574652676e-14,9.48450314982e-14,0.0,5.65440359564e-14,1.79082926932e-15,-9.87450819828e-15,0.0
0.00999879837036,1.99741536798,0.899396314813,1.12162795312,0.0,0.0,2.12197433294,0.0143730998789,-0.0807111859219,0.11510464455,0.0941448896066,0.173474598846,0.165322264962,-2.55575560715e-11,0.0,-1.46720233725e-13,-1.36436128121e-13,0.192200003918,-0.61980443009,0.0616513957973,0.296898064597,1.40242581138,0.212641598906,2.37824394441,0.227464781617,0.216600631787,0.089389821328,0.0110882925079,-1.32068245229e-11,0.0,-3.40332260037e-13,2.79001266534e-11,0.0,-2.27270883394e-14,-2.19108855879e-13,-4.06258360286e-12,-4.1470182187e-14,9.42515910383e-14,0.0,5.69874350488e-14,2.19826456381e-15,-9.94323088042e-15,0.0,-4.1470182187e-14,9.42515910383e-14,0.0,5.69874350488e-14,2.19826456381e-15,-9.94323088042e-15,0.0
0.0101847648621,1.99690310408,0.898923124415,1.12147628076,0.0,0.0,2.11239609856,0.0142974980405,-0.0816482176568,0.1244905326,0.0950466228745,0.17291814961,0.164537546446,-2.55577781161e-11,0.0,-1.46278645221e-13,-1.36453301007e-13,0.211903457843,-0.602859550227,0.0599539963465,0.297671368963,1.38315136652,0.215374235008,2.39650248696,0.227317978922,0.214649344361,0.0838714294754,0.0106994294148,-1.32071020786e-11,0.0,-3.40153171365e-13,2.79010148319e-11,0.0,-2.27663406509e-14,-2.19552897652e-13,-4.06291666977e-12,-4.1477081145e-14,9.4877309895e-14,0.0,5.70601663977e-14,2.35776929818e-15,-9.67761107185e-15,0.0,-4.1477081145e-14,9.4877309895e-14,0.0,5.70601663977e-14,2.35776929818e-15,-9.67761107185e-15,0.0
0.00981211662292,1.99664514994,0.898622396653,1.1211975332,0.0,0.0,2.11428423222,0.0157612668466,-0.08296352291,0.123995436589,0.0954239780579,0.172611063667,0.163960880391,-2.55580001607e-11,0.0,-1.46111822897e-13,-1.36889982972e-13,0.243299781289,-0.585251775019,0.0515103244289,0.30043380939,1.36093702014,0.212952632485,2.4160130988,0.225776562703,0.21244812089,0.0869953686811,0.00996417054668,-1.32071575898e-11,0.0,-3.40413217929e-13,2.79012368765e-11,0.0,-2.28055929624e-14,-2.19074510106e-13,-4.06258360286e-12,-4.20652725962e-14,9.4310595593e-14,0.0,5.68033980864e-14,2.28226733464e-15,-9.27229043386e-15,0.0,-4.20652725962e-14,9.4310595593e-14,0.0,5.68033980864e-14,2.28226733464e-15,-9.27229043386e-15,0.0
0.00996804237366,1.99629347426,0.898189161033,1.12098891504,0.0,0.0,2.11185733397,0.01647275031,-0.0845660689922,0.128628878413,0.0956209818082,0.171983596108,0.163786774078,-2.55591103837e-11,0.0,-1.45964626729e-13,-1.36791852193e-13,0.26840530185,-0.570403358245,0.0327319901153,0.301146137044,1.33417044322,0.224279658563,2.44033204785,0.226355216108,0.202602084695,0.0834167747504,0.0104532903679,-1.32075461678e-11,0.0,-3.40302820803e-13,2.79034573225e-11,0.0,-2.23738175362e-14,-2.19096589531e-13,-4.06252809171e-12,-4.20805119142e-14,9.48891934115e-14,0.0,5.68766828683e-14,2.37732828811e-15,-9.56143340693e-15,0.0,-4.20805119142e-14,9.48891934115e-14,0.0,5.68766828683e-14,2.37732828811e-15,-9.56143340693e-15,0.0
0.0102291107178,1.9961181254,0.897981721158,1.12088961084,0.0,0.0,2.11174906798,0.0174298109337,-0.0863179410677,0.129764253038,0.0964272369774,0.171037889836,0.163085741,-2.55597765175e-11,0.0,-1.45935187496e-13,-1.36833557774e-13,0.294864096859,-0.556204218121,0.0104813662581,0.30197386348,1.30788123442,0.236084262854,2.47155044248,0.226752322498,0.197155948739,0.0787044557394,0.0100325314928,-1.32077682125e-11,0.0,-3.40692890648e-13,2.79012368765e-11,0.0,-2.22953129133e-14,-2.19067150298e-13,-4.06241706941e-12,-4.20807418585e-14,9.55170372733e-14,0.0,5.67864931449e-14,2.19914899564e-15,-9.75244694955e-15,0.0,-4.20807418585e-14,9.55170372733e-14,0.0,5.67864931449e-14,2.19914899564e-15,-9.75244694955e-15,0.0
0.00981736183167,1.99547205212,0.897359924372,1.12075508935,0.0,0.0,2.09868600262,0.018011669033,-0.089009559844,0.144248076852,0.0971685517508,0.170330373563,0.16246806349,-2.55599985621e-11,0.0,-1.46877242971e-13,-1.37010193176e-13,0.322497105643,-0.544461788056,-0.0103953220928,0.302546733996,1.27864356765,0.245041948401,2.49758008168,0.227441946632,0.181033725179,0.069853801592,0.00899470287362,-1.32076571902e-11,0.0,-3.41107493188e-13,2.79025691441e-11,0.0,-2.25308267821e-14,-2.19106402609e-13,-4.06236155825e-12,-4.22848930223e-14,9.48338009724e-14,0.0,5.66450718119e-14,1.93198302545e-15,-9.75297209597e-15,0.0,-4.22848930223e-14,9.48338009724e-14,0.0,5.66450718119e-14,1.93198302545e-15,-9.75297209597e-15,0.0
0.00997447967529,1.99527054512,0.89684647966,1.12067073877,0.0,0.0,2.10056606086,0.0207282511762,-0.0927360642677,0.144500583165,0.0982133890143,0.169819553865,0.161627891043,-2.55599985621e-11,0.0,-1.47142196073e-13,-1.36782039115e-13,0.350239189936,-0.534961465089,-0.0460166207446,0.30349060075,1.24891601097,0.265018066054,2.52842262525,0.228113082404,0.166623272349,0.0625724050932,0.00794220487889,-1.32075461678e-11,0.0,-3.41171278194e-13,2.7898128252e-11,0.0,-2.21775559789e-14,-2.19211893196e-13,-4.06225053595e-12,-4.24462255269e-14,9.48335853501e-14,0.0,5.69733724668e-14,2.12546143271e-15,-9.97000396845e-15,0.0,-4.24462255269e-14,9.48335853501e-14,0.0,5.69733724668e-14,2.12546143271e-15,-9.97000396845e-15,0.0
0.00999641418457,1.99496163704,0.896428702713,1.12059548242,0.0,0.0,2.09889431892,0.0240670036449,-0.0963147494248,0.147383852892,0.099314651488,0.169298071708,0.160608473349,-2.55606646959e-11,0.0,-1.47014626061e-13,-1.36544071977e-13,0.385310735278,-0.523573232889,-0.0692020440321,0.304878892376,1.21577416754,0.262404997218,2.5572252126,0.227932845938,0.15340087514,0.0543775648619,0.00771092322728,-1.32074906567e-11,0.0,-3.4096029702e-13,2.78999046088e-11,0.0,-2.21775559789e-14,-2.18885608357e-13,-4.06186195789e-12,-4.18607974596e-14,9.54223691798e-14,0.0,5.75045543578e-14,3.02277819881e-15,-9.49204820749e-15,0.0,-4.18607974596e-14,9.54223691798e-14,0.0,5.75045543578e-14,3.02277819881e-15,-9.49204820749e-15,0.0
0.0101308822632,1.99470681782,0.896104680007,1.12057991846,0.0,0.0,2.09787155182,0.0251650941412,-0.0997413670067,0.150044249551,0.100010882008,0.168268402206,0.160252217597,-2.55577781161e-11,0.0,-1.46170701365e-13,-1.36649562564e-13,0.423632260254,-0.512743765103,-0.100075034369,0.305599927139,1.18019481573,0.263804131438,2.58411945933,0.228306210509,0.134002940283,0.0489113566086,0.00664145733413,-1.32077682125e-11,0.0,-3.40651185067e-13,2.79016809657e-11,0.0,-2.24130698477e-14,-2.18269837721e-13,-4.06191746904e-12,-4.17564748029e-14,9.45194126834e-14,0.0,5.74005253563e-14,3.09444508956e-15,-9.81642628512e-15,0.0,-4.17564748029e-14,9.45194126834e-14,0.0,5.74005253563e-14,3.09444508956e-15,-9.81642628512e-15,0.0
0.00989818572998,1.99441053365,0.895695187934,1.1205591665,0.0,0.0,2.09356166854,0.0290113030752,-0.102616493619,0.156305796242,0.101390987586,0.167585341877,0.158830777271,-2.55566678931e-11,0.0,-1.46411121772e-13,-1.36769772768e-13,0.450554675201,-0.503810015256,-0.123581198704,0.306390599555,1.14796333578,0.261819431389,2.61411857554,0.229139926335,0.119650911647,0.0384876631252,0.00580480103114,-1.32082123017e-11,0.0,-3.40859712972e-13,2.79005707426e-11,0.0,-2.22168082904e-14,-2.1878257104e-13,-4.06202849135e-12,-4.19281599896e-14,9.45195654138e-14,0.0,5.76239750402e-14,2.85793337294e-15,-1.05679864083e-14,0.0,-4.19281599896e-14,9.45195654138e-14,0.0,5.76239750402e-14,2.85793337294e-15,-1.05679864083e-14,0.0
0.0101010799408,1.99425296695,0.895389833146,1.12040975244,0.0,0.0,2.092537137,0.0306779834979,-0.107509007929,0.16003093257,0.10242019962,0.166636910404,0.157861250202,-2.55566678931e-11,0.0,-1.46411121772e-13,-1.36848277391e-13,0.491675026365,-0.497267066914,-0.155598391145,0.30780415288,1.11456939035,0.256302467497,2.64080556146,0.228848418081,0.112651300726,0.0296683592031,0.00608639724984,-1.32095445693e-11,0.0,-3.41036348373e-13,2.78956857613e-11,0.0,-2.22560606018e-14,-2.17985258463e-13,-4.06225053595e-12,-4.13192814647e-14,9.57756399774e-14,0.0,5.76027732382e-14,3.04019587109e-15,-1.0047504687e-14,0.0,-4.13192814647e-14,9.57756399774e-14,0.0,5.76027732382e-14,3.04019587109e-15,-1.0047504687e-14,0.0
0.00987219810486,1.99383443228,0.89496115143,1.12028176172,0.0,0.0,2.08499211956,0.0331525639848,-0.112716736964,0.170710049555,0.103409802191,0.166052182225,0.156801113095,-2.55551135808e-11,0.0,-1.4674476642e-13,-1.36335544073e-13,0.525459445906,-0.49135697172,-0.184988368236,0.308804871687,1.08265986365,0.249569695186,2.6619919489,0.229429912086,0.101483550365,0.0178435301161,0.00528244153607,-1.32095445693e-11,0.0,-3.40962750289e-13,2.7897018029e-11,0.0,-2.22560606018e-14,-2.17938646343e-13,-4.06247258056e-12,-4.13743421181e-14,9.57756399797e-14,0.0,5.7205874101e-14,3.04191619764e-15,-9.65483754771e-15,0.0,-4.13743421181e-14,9.57756399797e-14,0.0,5.7205874101e-14,3.04191619764e-15,-9.65483754771e-15,0.0
0.0100214481354,1.99376868728,0.894824383571,1.12016530665,0.0,0.0,2.08716175626,0.0363814141292,-0.116313646466,0.171674419788,0.104420902597,0.165548947292,0.155901167551,-2.55551135808e-11,0.0,-1.46945934516e-13,-1.35857156527e-13,0.56244880527,-0.483411730395,-0.223724082916,0.310481343585,1.04894860088,0.246489415023,2.68826095195,0.229340282224,0.0920782466723,0.0134027105487,0.00464341959416,-1.32096555916e-11,0.0,-3.40768942002e-13,2.78983502966e-11,0.0,-2.28840975853e-14,-2.17820889409e-13,-4.06263911401e-12,-4.07798408313e-14,9.57449741114e-14,0.0,5.79219050329e-14,3.23801306277e-15,-9.56696269337e-15,0.0,-4.07798408313e-14,9.57449741114e-14,0.0,5.79219050329e-14,3.23801306277e-15,-9.56696269337e-15,0.0
0.0100390911102,1.99370835316,0.894644179018,1.12002748926,0.0,0.0,2.08846817156,0.0401029020927,-0.120668917437,0.173685465793,0.105643802616,0.164739884632,0.154688461636,-2.55557797146e-11,0.0,-1.46793831809e-13,-1.35876782682e-13,0.596215705853,-0.481112259148,-0.252868452865,0.31185731902,1.01725712489,0.243648636525,2.71286406395,0.229196052,0.0737944864243,0.0190111370727,0.00297570700505,-1.3210155192e-11,0.0,-3.40690437379e-13,2.79005707426e-11,0.0,-2.27663406509e-14,-2.1781598287e-13,-4.06269462516e-12,-4.09440801018e-14,9.59834347785e-14,0.0,5.76005254681e-14,2.99045517373e-15,-9.37253376909e-15,0.0,-4.09440801018e-14,9.59834347785e-14,0.0,5.76005254681e-14,2.99045517373e-15,-9.37253376909e-15,0.0
0.0100674629211,1.99351306576,0.894472022307,1.11991744287,0.0,0.0,2.08621118021,0.0434613985954,-0.123940214988,0.179287871345,0.107122075953,0.164064849268,0.153203662147,-2.555555767e-11,0.0,-1.46523972168e-13,-1.35722226706e-13,0.627332741288,-0.476631459827,-0.284905917199,0.313392893,0.98518126572,0.237040055055,2.74452756197,0.229213574907,0.0615899054987,0.0087961586646,0.00251013035937,-1.32100996808e-11,0.0,-3.40734596229e-13,2.79012368765e-11,0.0,-2.33943776344e-14,-2.18085842511e-13,-4.06241706941e-12,-4.08948795309e-14,9.66160831531e-14,0.0,5.80814296168e-14,3.02086555787e-15,-9.45806766983e-15,0.0,-4.08948795309e-14,9.66160831531e-14,0.0,5.80814296168e-14,3.02086555787e-15,-9.45806766983e-15,0.0
0.00990557670593,1.99319119126,0.8940679067,1.11972231348,0.0,0.0,2.08253706354,0.0484871345265,-0.130278693307,0.187185901344,0.108065999447,0.163526081241,0.151738217822,-2.55564458485e-11,0.0,-1.46553411401e-13,-1.35675614586e-13,0.656641557906,-0.47762098728,-0.315660447251,0.314219836563,0.954484610896,0.230696907188,2.76026750601,0.22915042982,0.0504539495277,0.00673245670238,0.00197033653773,-1.32102107031e-11,0.0,-3.41019175487e-13,2.79012368765e-11,0.0,-2.32373683885e-14,-2.17801263253e-13,-4.06247258056e-12,-4.07079017365e-14,9.65412764476e-14,0.0,5.87194623638e-14,2.93328355746e-15,-9.31454172547e-15,0.0,-4.07079017365e-14,9.65412764476e-14,0.0,5.87194623638e-14,2.93328355746e-15,-9.31454172547e-15,0.0
0.00999069213867,1.993218239,0.893718236138,1.11968752344,0.0,0.0,2.08520616494,0.0479551094025,-0.138069118853,0.189786131589,0.108786632753,0.162589974517,0.151293097557,-2.55542254024e-11,0.0,-1.46568131018e-13,-1.35408208214e-13,0.694673232058,-0.476561356629,-0.373677059164,0.315124547612,0.922502767204,0.236868740385,2.78080182698,0.229393522102,0.037078000977,0.00459611686271,0.00135086588838,-1.32103217254e-11,0.0,-3.41112399727e-13,2.79036793671e-11,0.0,-2.31588637656e-14,-2.17560842845e-13,-4.06213951365e-12,-4.07685137467e-14,9.65606103897e-14,0.0,5.80603008005e-14,2.61645678202e-15,-8.82985460506e-15,0.0,-4.07685137467e-14,9.65606103897e-14,0.0,5.80603008005e-14,2.61645678202e-15,-8.82985460506e-15,0.0
0.0100021362305,1.99303257704,0.893130226633,1.11954732568,0.0,0.0,2.08652543012,0.0522992284237,-0.145354810479,0.195137985524,0.109660354245,0.162714479731,0.150383231903,-2.55546694916e-11,0.0,-1.46460187162e-13,-1.35187413962e-13,0.718449142137,-0.477360133594,-0.406769791506,0.31581764562,0.893335169004,0.228482179853,2.79601740528,0.230012310137,0.0248028257854,-0.0015174236763,0.000982973625843,-1.32104327477e-11,0.0,-3.41156558577e-13,2.79061218578e-11,0.0,-2.29233498968e-14,-2.17855235181e-13,-4.0619729802e-12,-4.08500931482e-14,9.53046119459e-14,0.0,5.78571620401e-14,2.66563419261e-15,-9.05682243338e-15,0.0,-4.08500931482e-14,9.53046119459e-14,0.0,5.78571620401e-14,2.66563419261e-15,-9.05682243338e-15,0.0
0.00994920730591,1.99280038235,0.892820359148,1.11945491845,0.0,0.0,2.0863506032,0.0608070179789,-0.153081138401,0.20039978391,0.110692027223,0.162942952849,0.148335473637,-2.55560017592e-11,0.0,-1.46661355258e-13,-1.3528799801e-13,0.723797456536,-0.481385594842,-0.450601585318,0.314646524454,0.865530184769,0.24396456708,2.82567339813,0.232527991448,0.00777879348177,-0.00124831916556,0.000313563917894,-1.32100441697e-11,0.0,-3.40886698936e-13,2.79096745714e-11,0.0,-2.29626022083e-14,-2.17889580954e-13,-4.06186195789e-12,-4.08695756525e-14,9.5304612241e-14,0.0,5.81311370697e-14,2.62203609694e-15,-9.34923906778e-15,0.0,-4.08695756525e-14,9.5304612241e-14,0.0,5.81311370697e-14,2.62203609694e-15,-9.34923906778e-15,0.0
0.0117700099945,1.99257592977,0.892609738232,1.11952883203,0.0,0.0,2.09173313747,0.0642560417493,-0.160740462575,0.202795630899,0.110884213118,0.162743849394,0.147832596811,-2.555555767e-11,0.0,-1.46214860215e-13,-1.35508792262e-13,0.755097077447,-0.482706595748,-0.471791343564,0.31657742105,0.840800121773,0.21703872929,2.82691846313,0.231442320471,-0.00120487551434,-0.0062488909163,-5.42963481429e-05,-1.32098776362e-11,0.0,-3.41382259368e-13,2.79096745714e-11,0.0,-2.28840975853e-14,-2.17688412858e-13,-4.06186195789e-12,-4.07151166779e-14,9.56186307338e-14,0.0,5.87081123012e-14,2.40907005948e-15,-9.67975742813e-15,0.0,-4.07151166779e-14,9.56186307338e-14,0.0,5.87081123012e-14,2.40907005948e-15,-9.67975742813e-15,0.0
0.00827646255493,1.9920604501,0.892028856874,1.11933901269,0.0,0.0,2.0909031239,0.0686895453375,-0.169571951274,0.212729824725,0.110750406481,0.163139389848,0.14775015637,-2.55562238038e-11,0.0,-1.46234486371e-13,-1.35494072645e-13,0.774863489787,-0.487603691222,-0.507420514235,0.317171748848,0.813594546586,0.212030319854,2.8407116947,0.23155581918,-0.0182520587631,-0.00777489174422,-0.000820167367796,-1.32102107031e-11,0.0,-3.41563801309e-13,2.79107847945e-11,0.0,-2.27663406509e-14,-2.17516683995e-13,-4.06169542444e-12,-4.0623957742e-14,9.56186307338e-14,0.0,5.74653318564e-14,2.17182957036e-15,-9.742749297e-15,0.0,-4.0623957742e-14,9.56186307338e-14,0.0,5.74653318564e-14,2.17182957036e-15,-9.742749297e-15,0.0
0.0100724697113,1.99202743016,0.891649838109,1.11923116357,0.0,0.0,2.09498541064,0.0745477214114,-0.177565287284,0.216067325245,0.111706473733,0.163411906802,0.146970351031,-2.55562238038e-11,0.0,-1.46391495617e-13,-1.34954353363e-13,0.788230822882,-0.494382418496,-0.554077912625,0.317731947637,0.786515887618,0.225110302816,2.86684858075,0.231237552427,-0.0346022296303,-0.00215180345209,-0.00113806948639,-1.32100996808e-11,0.0,-3.41019175487e-13,2.79116729729e-11,0.0,-2.24915744706e-14,-2.17359674749e-13,-4.06180644674e-12,-4.07815397807e-14,9.5388023404e-14,0.0,5.72691222269e-14,2.43989658647e-15,-1.016331565e-14,0.0,-4.07815397807e-14,9.5388023404e-14,0.0,5.72691222269e-14,2.43989658647e-15,-1.016331565e-14,0.0
0.00992727279663,1.99169204118,0.891511956212,1.11889730127,0.0,0.0,2.09636650813,0.0829723526022,-0.183561511775,0.221543356812,0.11251633145,0.164249024017,0.145863450704,-2.55557797146e-11,0.0,-1.45930280957e-13,-1.34944540285e-13,0.794667055939,-0.497685443738,-0.56917286443,0.318130209331,0.765741820632,0.213323775676,2.8804912343,0.231587496315,-0.0442742035853,-0.00682474167884,-0.00138828657422,-1.3210155192e-11,0.0,-3.40783661618e-13,2.79116729729e-11,0.0,-2.24130698477e-14,-2.17227198198e-13,-4.0621950248e-12,-4.08998762428e-14,9.58875895653e-14,0.0,5.716424516e-14,1.78737898663e-15,-1.07996636744e-14,0.0,-4.08998762428e-14,9.58875895653e-14,0.0,5.716424516e-14,1.78737898663e-15,-1.07996636744e-14,0.0
0.00996804237366,1.99110430494,0.891347499109,1.11894435937,0.0,0.0,2.09989033213,0.0893592804972,-0.189806291179,0.227541531602,0.112637114714,0.163983054952,0.145554412435,-2.55564458485e-11,0.0,-1.46185420981e-13,-1.35027951447e-13,0.799252156309,-0.501906141382,-0.585909624541,0.31834404889,0.746373923253,0.202609853023,2.89393578884,0.231899383795,-0.0606077979304,-0.0141352728444,-0.00200345470018,-1.32103772366e-11,0.0,-3.40479456205e-13,2.79141154635e-11,0.0,-2.17457805528e-14,-2.17237011276e-13,-4.06263911401e-12,-4.11049228545e-14,9.59324732113e-14,0.0,5.6710259141e-14,2.31343211349e-15,-9.89063731183e-15,0.0,-4.11049228545e-14,9.59324732113e-14,0.0,5.6710259141e-14,2.31343211349e-15,-9.89063731183e-15,0.0
0.0100083351135,1.99082045367,0.891270496404,1.11864022119,0.0,0.0,2.10116459832,0.0905450493356,-0.197753684906,0.233327572567,0.112675570879,0.164145753488,0.145239201764,-2.55566678931e-11,0.0,-1.45998972502e-13,-1.34954353363e-13,0.816695101899,-0.507327223922,-0.623184594395,0.318894949734,0.724234239753,0.203349880975,2.90367460795,0.231603835945,-0.0705197694453,-0.00915315149732,-0.00206509414843,-1.32102107031e-11,0.0,-3.40248848875e-13,2.79167799988e-11,0.0,-2.16280236184e-14,-2.17565749384e-13,-4.06324973667e-12,-4.12358277709e-14,9.62239742872e-14,0.0,5.70999582172e-14,2.13246887788e-15,-1.05113456815e-14,0.0,-4.12358277709e-14,9.62239742872e-14,0.0,5.70999582172e-14,2.13246887788e-15,-1.05113456815e-14,0.0
0.0100622177124,1.9907303233,0.891881015819,1.11821352441,0.0,0.0,2.11410989075,0.0957829282326,-0.199910138299,0.226444989373,0.113237821698,0.163824355797,0.144680889728,-2.55564458485e-11,0.0,-1.45743832477e-13,-1.3505739068e-13,0.826645242046,-0.508079786306,-0.649856390899,0.319402106428,0.706254736147,0.19776837026,2.92671193488,0.231347460326,-0.0783020983674,-0.0149611793897,-0.00197776138085,-1.32104327477e-11,0.0,-3.40400951582e-13,2.79158918204e-11,0.0,-2.18635374872e-14,-2.17497057839e-13,-4.06319422552e-12,-4.10564820056e-14,9.62465790711e-14,0.0,5.69407009773e-14,1.6431688824e-15,-1.01318617801e-14,0.0,-4.10564820056e-14,9.62465790711e-14,0.0,5.69407009773e-14,1.6431688824e-15,-1.01318617801e-14,0.0
0.0118479728699,1.99007000916,0.891793530766,1.11787014063,0.0,0.0,2.11530926944,0.101847225951,-0.203690479544,0.234452327063,0.113799903989,0.164059545271,0.144521393533,-2.55573340269e-11,0.0,-1.45773271711e-13,-1.35307624166e-13,0.821207012001,-0.510754701614,-0.661978230465,0.319166604069,0.691766383821,0.194073933212,2.93220936503,0.231932290008,-0.0828776643273,-0.0118921822277,-0.00208263698386,-1.32104327477e-11,0.0,-3.40106559246e-13,2.79190004449e-11,0.0,-2.15495189954e-14,-2.18159440595e-13,-4.06358280358e-12,-4.1048495117e-14,9.67538808333e-14,0.0,5.63949328219e-14,1.47854875599e-15,-1.0031593364e-14,0.0,-4.1048495117e-14,9.67538808333e-14,0.0,5.63949328219e-14,1.47854875599e-15,-1.0031593364e-14,0.0
0.00824236869812,1.99045241903,0.891767210651,1.11785402734,0.0,0.0,2.12354083299,0.103854013429,-0.212682088521,0.231299455133,0.114242832217,0.163900555459,0.144212365201,-2.55577781161e-11,0.0,-1.45792897867e-13,-1.35513698801e-13,0.838147173387,-0.518284675638,-0.699638015687,0.319398164291,0.67359158426,0.194931381867,2.94625286097,0.231523915872,-0.0955418943782,-0.0136335231445,-0.0024004420097,-1.32100996808e-11,0.0,-3.40513801977e-13,2.79185563556e-11,0.0,-2.09607343234e-14,-2.18115281745e-13,-4.06363831473e-12,-4.10111737106e-14,9.67178368041e-14,0.0,5.63669485142e-14,1.1814995816e-15,-1.06202875527e-14,0.0,-4.10111737106e-14,9.67178368041e-14,0.0,5.63669485142e-14,1.1814995816e-15,-1.06202875527e-14,0.0
0.00992202758789,1.99020480256,0.891651344697,1.11758577784,0.0,0.0,2.12261200739,0.105780962403,-0.219324820368,0.238724874541,0.114598492679,0.16421286364,0.144043115808,-2.55573340269e-11,0.0,-1.45891028645e-13,-1.35533324957e-13,0.844437469003,-0.522107367092,-0.715084896905,0.319351514653,0.660518491428,0.186304906771,2.95277168867,0.231759741663,-0.10364520368,-0.0154374184516,-0.00222942668935,-1.32100996808e-11,0.0,-3.40484362743e-13,2.79198886233e-11,0.0,-2.10392389464e-14,-2.17771824019e-13,-4.06408240394e-12,-4.09541946539e-14,9.67176960071e-14,0.0,5.63663261419e-14,-1.20611405317e-16,-1.06769824125e-14,0.0,-4.09541946539e-14,9.67176960071e-14,0.0,5.63663261419e-14,-1.20611405317e-16,-1.06769824125e-14,0.0
0.00995969772339,1.98970292437,0.891598226971,1.1174430166,0.0,0.0,2.1190816233,0.108586407294,-0.224775798292,0.249109433485,0.114965827826,0.164622464792,0.143774271441,-2.55564458485e-11,0.0,-1.45655514777e-13,-1.35449913795e-13,0.844154794687,-0.526946286264,-0.725665428148,0.319199249931,0.646995184579,0.181766431914,2.95856047587,0.232203222127,-0.105759721363,-0.0180440049587,-0.00245251955491,-1.32104327477e-11,0.0,-3.4105352126e-13,2.79214429355e-11,0.0,-2.07644727661e-14,-2.17526497073e-13,-4.06441547085e-12,-4.15754835487e-14,9.75143947164e-14,0.0,5.6798094737e-14,-8.13501699684e-16,-1.02706137114e-14,0.0,-4.15754835487e-14,9.75143947164e-14,0.0,5.6798094737e-14,-8.13501699684e-16,-1.02706137114e-14,0.0
0.0100164413452,1.99035977643,0.892108840716,1.1173244253,0.0,0.0,2.14932182711,0.117768885104,-0.227051117402,0.224911194765,0.115088111538,0.164501332075,0.143910932481,-2.55580001607e-11,0.0,-1.45429813986e-13,-1.35420474561e-13,0.841535413818,-0.533512930255,-0.743100791483,0.318854565966,0.635174860111,0.188988720647,2.96989006073,0.232857408289,-0.111677371955,-0.0155800938498,-0.00194332286009,-1.32115984819e-11,0.0,-3.41210530506e-13,2.79232192923e-11,0.0,-2.04112019629e-14,-2.17487244761e-13,-4.06474853776e-12,-4.0997462549e-14,9.79738149415e-14,0.0,5.730858557e-14,0.0,-9.57740587966e-15,0.0,-4.0997462549e-14,9.79738149415e-14,0.0,5.730858557e-14,0.0,-9.57740587966e-15,0.0
0.00997519493103,1.98959473065,0.892730345469,1.11705129297,0.0,0.0,2.15894055334,0.123241219226,-0.226837424673,0.222152684787,0.115303408525,0.164150870369,0.144044185214,-2.55586662945e-11,0.0,-1.45861589412e-13,-1.35734493053e-13,0.831433807502,-0.535654796177,-0.752984477772,0.319252096327,0.625428989774,0.194920182283,2.97992079487,0.233119977661,-0.117529484775,-0.0150127914995,-0.00247068209731,-1.32111543927e-11,0.0,-3.417895021e-13,2.79254397384e-11,0.0,-2.00971834712e-14,-2.17349861671e-13,-4.06502609351e-12,-4.15861491824e-14,9.72359488076e-14,0.0,5.66110351421e-14,-7.43368578588e-16,-1.04674738898e-14,0.0,-4.15861491824e-14,9.72359488076e-14,0.0,5.66110351421e-14,-7.43368578588e-16,-1.04674738898e-14,0.0
0.0100569725037,1.98932901268,0.893045877013,1.11667867334,0.0,0.0,2.16670316548,0.128363397757,-0.229494988819,0.219977691715,0.11548004339,0.16416180688,0.144156352529,-2.55595544729e-11,0.0,-1.45763458633e-13,-1.36180988096e-13,0.828575106398,-0.539987935991,-0.758615375984,0.318501086371,0.61450921417,0.191190518977,2.98884430943,0.233843802135,-0.120599709073,-0.0215447820624,-0.00234721207471,-1.32114874596e-11,0.0,-3.41769875944e-13,2.79269940506e-11,0.0,-1.97831649794e-14,-2.17673693241e-13,-4.06547018272e-12,-4.10296984723e-14,9.71889076676e-14,0.0,5.61571564971e-14,-8.28615711128e-16,-1.03051858447e-14,0.0,-4.10296984723e-14,9.71889076676e-14,0.0,5.61571564971e-14,-8.28615711128e-16,-1.03051858447e-14,0.0
0.00989842414856,1.98932564482,0.893124070484,1.11655159814,0.0,0.0,2.17452140599,0.132352435646,-0.233470923168,0.217506172028,0.115790664248,0.164213065729,0.144228483356,-2.55608867405e-11,0.0,-1.45920467879e-13,-1.3625458618e-13,0.827307797371,-0.545568489257,-0.765872085026,0.319326521845,0.607748178885,0.190205288895,2.9993182584,0.233309463408,-0.119378071042,-0.0220742699607,-0.00186911384466,-1.32117095042e-11,0.0,-3.41897445956e-13,2.79316569873e-11,0.0,-1.98224172909e-14,-2.17340048593e-13,-4.06547018272e-12,-4.08195113392e-14,9.75027424049e-14,0.0,5.60527161325e-14,-8.62777043966e-16,-9.63782200699e-15,0.0,-4.08195113392e-14,9.75027424049e-14,0.0,5.60527161325e-14,-8.62777043966e-16,-9.63782200699e-15,0.0
0.0100238323212,1.98931820899,0.893302272861,1.11617775781,0.0,0.0,2.18323138155,0.133812191998,-0.237318058106,0.213756126436,0.115946591769,0.164454376127,0.144574008812,-2.55606646959e-11,0.0,-1.45802710945e-13,-1.36195707713e-13,0.836793083951,-0.547215245514,-0.764985141665,0.31905025943,0.599620985666,0.169803671371,2.99813671893,0.233340039734,-0.121677001609,-0.0285828152098,-0.00241562760451,-1.32128197272e-11,0.0,-3.41436231297e-13,2.79327672104e-11,0.0,-1.94298941762e-14,-2.17497057839e-13,-4.06580324963e-12,-4.07038472821e-14,9.71991495906e-14,0.0,5.62405908516e-14,-3.4540409752e-16,-1.01279319775e-14,0.0,-4.07038472821e-14,9.71991495906e-14,0.0,5.62405908516e-14,-3.4540409752e-16,-1.01279319775e-14,0.0
0.0101039409637,1.98824887359,0.893954794736,1.11607167871,0.0,0.0,2.18910219631,0.139603638274,-0.234149090231,0.214967052847,0.116279603217,0.163532254056,0.144941331974,-2.55624410528e-11,0.0,-1.45469066297e-13,-1.36357623498e-13,0.814443103504,-0.547617236237,-0.765761961221,0.318716393578,0.594847604154,0.181170274647,3.01401879517,0.234156221838,-0.124626091208,-0.0297361883649,-0.00225858689514,-1.32134303499e-11,0.0,-3.41073147415e-13,2.7934099478e-11,0.0,-1.95476511106e-14,-2.18105468667e-13,-4.06563671618e-12,-4.0050380563e-14,9.72255629626e-14,0.0,5.6433005558e-14,0.0,-1.00482978723e-14,0.0,-4.0050380563e-14,9.72255629626e-14,0.0,5.6433005558e-14,0.0,-1.00482978723e-14,0.0
0.00988578796387,1.98852048637,0.89404470444,1.1160011831,0.0,0.0,2.2020429442,0.14484919994,-0.23858201961,0.207242886918,0.116310713772,0.16398401498,0.145017218989,-2.55633292312e-11,0.0,-1.45380748596e-13,-1.36436128121e-13,0.815589226647,-0.553006956061,-0.76449855879,0.31922136505,0.589450154402,0.169630729492,3.01410607937,0.233475689579,-0.127833562018,-0.0370985991845,-0.00194378334013,-1.32137079056e-11,0.0,-3.41073147415e-13,2.79323231211e-11,0.0,-1.93906418647e-14,-2.17928833265e-13,-4.06596978308e-12,-4.0641931658e-14,9.70815365587e-14,0.0,5.66007916022e-14,0.0,-1.00057536411e-14,0.0,-4.0641931658e-14,9.70815365587e-14,0.0,5.66007916022e-14,0.0,-1.00057536411e-14,0.0
0.0100004673004,1.9884591821,0.894344851368,1.11572585351,0.0,0.0,2.21003157944,0.147062645244,-0.240191257771,0.203435441023,0.117010045808,0.16406161758,0.144723121316,-2.55659937665e-11,0.0,-1.45527944764e-13,-1.36509726205e-13,0.816906517229,-0.552395186209,-0.747917066212,0.319026883821,0.586417027769,0.145996499487,3.00001419163,0.233627298877,-0.131820852904,-0.0439536464632,-0.00276898067401,-1.32145405729e-11,0.0,-3.4091613817e-13,2.79325451658e-11,0.0,-1.89588664386e-14,-2.17555936306e-13,-4.06641387229e-12,-4.05471843915e-14,9.78120482566e-14,0.0,5.70201351743e-14,0.0,-1.0181287002e-14,0.0,-4.05471843915e-14,9.78120482566e-14,0.0,5.70201351743e-14,0.0,-1.0181287002e-14,0.0
0.0100767612457,1.98814443423,0.894682848964,1.11550002344,0.0,0.0,2.21649414008,0.14967989442,-0.24271206608,0.201776418956,0.116795779709,0.164044666318,0.144939027491,-2.5565105588e-11,0.0,-1.45949907113e-13,-1.36833557774e-13,0.811640979276,-0.558088949724,-0.755116451056,0.31976992263,0.581223502519,0.153138215582,3.01361904853,0.233087461022,-0.138574264456,-0.0362514239143,-0.00214255154122,-1.32152067067e-11,0.0,-3.41024082026e-13,2.79327672104e-11,0.0,-1.9076623373e-14,-2.17565749384e-13,-4.06702449496e-12,-4.03579220024e-14,9.78173550874e-14,0.0,5.68281006953e-14,-3.0574812569e-16,-1.10535809453e-14,0.0,-4.03579220024e-14,9.78173550874e-14,0.0,5.68281006953e-14,-3.0574812569e-16,-1.10535809453e-14,0.0
0.00994205474854,1.98789926943,0.894902806883,1.11542903955,0.0,0.0,2.2214710799,0.152625478265,-0.244434452309,0.201747716909,0.116902659244,0.163712942806,0.145307109984,-2.55664378557e-11,0.0,-1.46273738682e-13,-1.36720707379e-13,0.80257950963,-0.561060887167,-0.758921542534,0.319170018833,0.579849682345,0.157069287789,3.01708578714,0.233681417035,-0.136976745611,-0.0357379929957,-0.00228503005546,-1.32154287513e-11,0.0,-3.41975950579e-13,2.79327672104e-11,0.0,-1.86055956354e-14,-2.17526497073e-13,-4.06741307302e-12,-3.97333081286e-14,9.8101341758e-14,0.0,5.75144318498e-14,0.0,-1.07543578299e-14,0.0,-3.97333081286e-14,9.8101341758e-14,0.0,5.75144318498e-14,0.0,-1.07543578299e-14,0.0
0.0100526809692,1.98774603218,0.89521754905,1.11509999902,0.0,0.0,2.22924940016,0.156375620332,-0.245666856067,0.198037887081,0.116684698913,0.163819254681,0.145332436665,-2.55666599003e-11,0.0,-1.4655831794e-13,-1.36539165438e-13,0.801547955397,-0.563714677149,-0.755127410317,0.319498536833,0.575867123912,0.146623465067,3.00722112187,0.233406970025,-0.136300712465,-0.0433578395965,-0.00278497676492,-1.3215317729e-11,0.0,-3.41966137501e-13,2.79296585859e-11,0.0,-1.89588664386e-14,-2.17457805528e-13,-4.06752409532e-12,-3.96846715468e-14,9.89157099092e-14,0.0,5.77682477741e-14,3.72380211408e-16,-1.07206314317e-14,0.0,-3.96846715468e-14,9.89157099092e-14,0.0,5.77682477741e-14,3.72380211408e-16,-1.07206314317e-14,0.0
0.0100426673889,1.98775247856,0.895429598676,1.11472683007,0.0,0.0,2.23496351685,0.158176107498,-0.248058740103,0.194943030134,0.117131366956,0.164101990734,0.14516014057,-2.55679921679e-11,0.0,-1.46097103281e-13,-1.36421408504e-13,0.792305558634,-0.567605063868,-0.765192276607,0.319321974196,0.574889963609,0.160217809184,3.01690378436,0.234171409141,-0.141373416173,-0.040684528553,-0.00216489335377,-1.32159838628e-11,0.0,-3.42123146747e-13,2.79287704075e-11,0.0,-1.87233525698e-14,-2.17271357048e-13,-4.06769062877e-12,-3.94681827869e-14,9.92280029875e-14,0.0,5.80344953377e-14,5.70414987954e-16,-1.13076556123e-14,0.0,-3.94681827869e-14,9.92280029875e-14,0.0,5.80344953377e-14,5.70414987954e-16,-1.13076556123e-14,0.0
0.00988435745239,1.98743717391,0.895649053714,1.11453060205,0.0,0.0,2.23885840822,0.159590921044,-0.250936631787,0.195308584336,0.116847584924,0.16435318837,0.145423173087,-2.55693244355e-11,0.0,-1.4600878558e-13,-1.36661828912e-13,0.794181868192,-0.568884407558,-0.757983901996,0.319757325344,0.573974184168,0.142268088846,3.00032242634,0.233591235118,-0.140829294893,-0.0562778545483,-0.00386666482009,-1.32173161305e-11,0.0,-3.42496043706e-13,2.79276601844e-11,0.0,-1.86841002583e-14,-2.16908273167e-13,-4.06774613992e-12,-3.8942297248e-14,9.90611739239e-14,0.0,5.85200021677e-14,1.19080005325e-16,-1.17925249687e-14,0.0,-3.8942297248e-14,9.90611739239e-14,0.0,5.85200021677e-14,1.19080005325e-16,-1.17925249687e-14,0.0
0.0100152492523,1.98724354323,0.895988571765,1.11418636377,0.0,0.0,2.2426663573,0.160841681379,-0.250922819418,0.194505973165,0.117339381559,0.163992751147,0.145350823751,-2.55693244355e-11,0.0,-1.45891028645e-13,-1.36495006588e-13,0.785303469295,-0.569778056788,-0.765329714634,0.319950528399,0.57418066666,0.150249795744,3.00924391351,0.233739508276,-0.150301389866,-0.0534772356517,-0.00389063753189,-1.32169830636e-11,0.0,-3.42505856784e-13,2.79261058722e-11,0.0,-1.85270910125e-14,-2.16996590868e-13,-4.06813471798e-12,-3.90238522369e-14,9.90727885952e-14,0.0,5.87160134147e-14,0.0,-1.18014806036e-14,0.0,-3.90238522369e-14,9.90727885952e-14,0.0,5.87160134147e-14,0.0,-1.18014806036e-14,0.0
0.0100600719452,1.98688133014,0.896131488633,1.11404000146,0.0,0.0,2.24734702349,0.164027864472,-0.251170711548,0.194289917351,0.117093434036,0.163946848262,0.145658057459,-2.55726551046e-11,0.0,-1.45626075543e-13,-1.36495006588e-13,0.774445536598,-0.572865875424,-0.768139096725,0.319959868479,0.572623547532,0.158483439669,3.02042684294,0.2341165298,-0.157620304595,-0.0428877259571,-0.00467584106525,-1.32173161305e-11,0.0,-3.42898379899e-13,2.7925661783e-11,0.0,-1.8487838701e-14,-2.17379300905e-13,-4.06857880719e-12,-3.96857575965e-14,9.87588154733e-14,0.0,5.80933982802e-14,0.0,-1.22469984559e-14,0.0,-3.96857575965e-14,9.87588154733e-14,0.0,5.80933982802e-14,0.0,-1.22469984559e-14,0.0
0.00992155075073,1.98704177652,0.896415472411,1.11373787744,0.0,0.0,2.2566705105,0.165687004359,-0.25323862289,0.187250229812,0.117142979954,0.164050899294,0.145777057648,-2.55737653276e-11,0.0,-1.46067664047e-13,-1.36568604672e-13,0.775735261599,-0.574857548595,-0.769016909987,0.320184600056,0.571464150403,0.154448554883,3.02440678569,0.233780414641,-0.164009095693,-0.0401652039624,-0.00380909192437,-1.32179822643e-11,0.0,-3.42819875276e-13,2.79243295154e-11,0.0,-1.88803618157e-14,-2.17389113983e-13,-4.06896738525e-12,-4.03171313424e-14,9.81454982838e-14,0.0,5.76230064569e-14,-5.86999890533e-16,-1.32997889135e-14,0.0,-4.03171313424e-14,9.81454982838e-14,0.0,5.76230064569e-14,-5.86999890533e-16,-1.32997889135e-14,0.0
0.0100636482239,1.98691030817,0.896575346906,1.1136282583,0.0,0.0,2.26191571171,0.167449090955,-0.255452893875,0.184771880092,0.117031791583,0.164239952271,0.145911225363,-2.55755416845e-11,0.0,-1.46891962588e-13,-1.36465567354e-13,0.776135975455,-0.577400292827,-0.766740821314,0.320688012966,0.569628532542,0.148302684643,3.0170813163,0.233321311629,-0.169955940079,-0.0442571843636,-0.00454365243733,-1.32183153312e-11,0.0,-3.42829688354e-13,2.79269940506e-11,0.0,-1.88018571927e-14,-2.1731060936e-13,-4.06935596331e-12,-3.96850978827e-14,9.83172846457e-14,0.0,5.79859394982e-14,-1.34129908857e-16,-1.26093762259e-14,0.0,-3.96850978827e-14,9.83172846457e-14,0.0,5.79859394982e-14,-1.34129908857e-16,-1.26093762259e-14,0.0
0.00994086265564,1.98690747875,0.896738952914,1.11342678125,0.0,0.0,2.26519520533,0.167845390327,-0.257619237085,0.183175269524,0.117163286924,0.164193228158,0.145880243106,-2.55755416845e-11,0.0,-1.470195326e-13,-1.36593137367e-13,0.776506006586,-0.579108328942,-0.76410804198,0.320101920919,0.568330481698,0.142619461044,3.00841592665,0.23403386755,-0.174841813624,-0.0505139192133,-0.00530000897804,-1.32188704427e-11,0.0,-3.4266286603e-13,2.79294365413e-11,0.0,-1.92728849303e-14,-2.17359674749e-13,-4.06980005252e-12,-3.90298919539e-14,9.76365600918e-14,0.0,5.77026264147e-14,-6.65247739222e-16,-1.28238669418e-14,0.0,-3.90298919539e-14,9.76365600918e-14,0.0,5.77026264147e-14,-6.65247739222e-16,-1.28238669418e-14,0.0
0.0100231170654,1.98670713551,0.896797948768,1.11315053614,0.0,0.0,2.26681441955,0.169650191329,-0.258418648518,0.183785882238,0.117382558875,0.164588649698,0.145815159067,-2.55768739521e-11,0.0,-1.46970467211e-13,-1.36647109295e-13,0.766483855795,-0.58190714403,-0.769508467814,0.320605416499,0.569129095458,0.153910096884,3.01574953859,0.234150505263,-0.176454247841,-0.050147988365,-0.00346967577316,-1.32187039092e-11,0.0,-3.42741370653e-13,2.79289924521e-11,0.0,-1.85663433239e-14,-2.17065282413e-13,-4.06974454137e-12,-3.92149245607e-14,9.78185095389e-14,0.0,5.76324083261e-14,-5.48814907533e-16,-1.25312422494e-14,0.0,-3.92149245607e-14,9.78185095389e-14,0.0,5.76324083261e-14,-5.48814907533e-16,-1.25312422494e-14,0.0
0.0100214481354,1.98655577803,0.896836813017,1.11290053613,0.0,0.0,2.26916921048,0.171655030242,-0.2616890472,0.183349899374,0.117130035852,0.164958053871,0.145762799488,-2.55784282643e-11,0.0,-1.46852710276e-13,-1.36411595426e-13,0.761091203953,-0.586326437552,-0.778671852849,0.321041993747,0.571202755243,0.162526990255,3.02371874022,0.233968123435,-0.173797350367,-0.0501147163127,-0.00366855632288,-1.32204247549e-11,0.0,-3.42957258366e-13,2.79287704075e-11,0.0,-1.91551279959e-14,-2.17251730893e-13,-4.06996658597e-12,-3.94067221281e-14,9.77646350333e-14,0.0,5.82597237667e-14,0.0,-1.22423670734e-14,0.0,-3.94067221281e-14,9.77646350333e-14,0.0,5.82597237667e-14,0.0,-1.22423670734e-14,0.0
0.00999212265015,1.98645270857,0.896957169431,1.1127029043,0.0,0.0,2.27214351091,0.172245033392,-0.263671473186,0.182147324007,0.117092544863,0.164985806676,0.145840076329,-2.55799825766e-11,0.0,-1.46636822563e-13,-1.36725613918e-13,0.763215953872,-0.587768525216,-0.774078747194,0.321365088257,0.570506602491,0.154187208859,3.02141858138,0.233634345046,-0.180725568761,-0.054276196686,-0.00421441373344,-1.32202027103e-11,0.0,-3.42898379899e-13,2.79289924521e-11,0.0,-1.86841002583e-14,-2.1726154397e-13,-4.07018863058e-12,-4.00942764793e-14,9.74356864775e-14,0.0,5.87186387123e-14,0.0,-1.22844097126e-14,0.0,-4.00942764793e-14,9.74356864775e-14,0.0,5.87186387123e-14,0.0,-1.22844097126e-14,0.0
0.00997924804688,1.98635618323,0.897086513834,1.11255611475,0.0,0.0,2.2756907909,0.172320391688,-0.265380766125,0.180157828517,0.116963739081,0.165015430417,0.145902290758,-2.55810927996e-11,0.0,-1.46901775666e-13,-1.36789398924e-13,0.764411465039,-0.589333676041,-0.771551147317,0.321474151353,0.569718885053,0.14990438071,3.01833355236,0.233708740816,-0.187510241179,-0.057178262182,-0.0052575635721,-1.32202027103e-11,0.0,-3.42829688354e-13,2.79238854262e-11,0.0,-1.82523248322e-14,-2.17497057839e-13,-4.07035516403e-12,-3.95740105949e-14,9.77888989601e-14,0.0,5.89585452399e-14,2.04781400317e-16,-1.21098032877e-14,0.0,-3.95740105949e-14,9.77888989601e-14,0.0,5.89585452399e-14,2.04781400317e-16,-1.21098032877e-14,0.0
0.0100235939026,1.98628389589,0.897259801309,1.11242311914,0.0,0.0,2.27940366764,0.172752098716,-0.266196277274,0.177011660034,0.117260145216,0.164989618415,0.145783427725,-2.55802046212e-11,0.0,-1.47372803403e-13,-1.37010193176e-13,0.762216528064,-0.590032468864,-0.773228698262,0.321502029231,0.570863735133,0.151704191908,3.01961441576,0.233836805303,-0.190997715445,-0.060512434205,-0.00552989582685,-1.32202027103e-11,0.0,-3.42613800641e-13,2.79241074708e-11,0.0,-1.81345678978e-14,-2.17418553216e-13,-4.07046618633e-12,-4.00352748705e-14,9.70309917964e-14,0.0,5.86699947552e-14,-1.59786043106e-16,-1.19746756588e-14,0.0,-4.00352748705e-14,9.70309917964e-14,0.0,5.86699947552e-14,-1.59786043106e-16,-1.19746756588e-14,0.0
0.00998711585999,1.98608390326,0.897275895916,1.11238063867,0.0,0.0,2.27903074426,0.172089850675,-0.268009442649,0.178379496207,0.117082402172,0.164969763491,0.145804145766,-2.55799825766e-11,0.0,-1.47451308026e-13,-1.36470473893e-13,0.759734977606,-0.592168995745,-0.777360135366,0.321750923027,0.572081638048,0.157395511774,3.02343704484,0.234049566444,-0.192530636343,-0.0598338195018,-0.00513728733234,-1.32202027103e-11,0.0,-3.4293763221e-13,2.79269940506e-11,0.0,-1.85663433239e-14,-2.17006403946e-13,-4.07052169749e-12,-3.93950155658e-14,9.74910858334e-14,0.0,5.85292660237e-14,3.35250215002e-16,-1.223510193e-14,0.0,-3.93950155658e-14,9.74910858334e-14,0.0,5.85292660237e-14,3.35250215002e-16,-1.223510193e-14,0.0
0.00999164581299,1.98586693686,0.897322717597,1.11232003076,0.0,0.0,2.2785847613,0.171939050727,-0.268680900066,0.179275626051,0.116948504196,0.164928638092,0.145735356012,-2.55802046212e-11,0.0,-1.47510186493e-13,-1.36372343115e-13,0.759619441723,-0.592922653864,-0.777724673168,0.322042346994,0.571959869344,0.156669951183,3.02500038838,0.234040882075,-0.195524733636,-0.0611969311063,-0.00554023131909,-1.32203137326e-11,0.0,-3.42859127587e-13,2.7925661783e-11,0.0,-1.89196141271e-14,-2.17045656257e-13,-4.07068823094e-12,-3.8901966907e-14,9.75014695189e-14,0.0,5.82008631501e-14,4.56794272235e-16,-1.25082342817e-14,0.0,-3.8901966907e-14,9.75014695189e-14,0.0,5.82008631501e-14,4.56794272235e-16,-1.25082342817e-14,0.0
0.00999450683594,1.98589554741,0.897167616405,1.11212490137,0.0,0.0,2.27853917047,0.17155008678,-0.270593613082,0.179162761397,0.117167930743,0.165196839069,0.145444812069,-2.55815368888e-11,0.0,-1.47402242637e-13,-1.36249679641e-13,0.758492121594,-0.594865831647,-0.780828298087,0.322044631874,0.572990613378,0.160364459859,3.02456070641,0.234239920272,-0.196214547927,-0.0618253329803,-0.00522159583038,-1.32203137326e-11,0.0,-3.43035762989e-13,2.79243295154e-11,0.0,-1.90373710615e-14,-2.1717322627e-13,-4.0712988536e-12,-3.87413934491e-14,9.7345727469e-14,0.0,5.87089582309e-14,5.40540980374e-16,-1.29854514224e-14,0.0,-3.87413934491e-14,9.7345727469e-14,0.0,5.87089582309e-14,5.40540980374e-16,-1.29854514224e-14,0.0
0.0100705623627,1.98572564858,0.897162328172,1.11206636865,0.0,0.0,2.27779986123,0.171338763946,-0.270728145311,0.179436895987,0.117291540904,0.165194158288,0.145194926496,-2.55824250672e-11,0.0,-1.47039158756e-13,-1.35955287305e-13,0.756393240327,-0.595456902443,-0.780377492876,0.322154480842,0.573086465312,0.162847318928,3.029831473,0.234262483395,-0.198646865948,-0.0636481025053,-0.00537637406223,-1.32202582215e-11,0.0,-3.43143706845e-13,2.79254397384e-11,0.0,-1.86841002583e-14,-2.17349861671e-13,-4.07179845396e-12,-3.81661797152e-14,9.68777712682e-14,0.0,5.91243584823e-14,1.27172934506e-15,-1.23665284576e-14,0.0,-3.81661797152e-14,9.68777712682e-14,0.0,5.91243584823e-14,1.27172934506e-15,-1.23665284576e-14,0.0
0.00995182991028,1.9854390834,0.897180940706,1.11204195459,0.0,0.0,2.27763027054,0.171430734539,-0.269964118662,0.179045015869,0.117406290789,0.165116004737,0.14481725314,-2.55826471118e-11,0.0,-1.46656448719e-13,-1.35494072645e-13,0.753584627815,-0.595425170556,-0.777839738267,0.322188860905,0.573398809586,0.163864883005,3.0324184218,0.234332987409,-0.204763349916,-0.0653024900062,-0.00562289132317,-1.32209243553e-11,0.0,-3.43133893767e-13,2.79285483629e-11,0.0,-1.81345678978e-14,-2.17271357048e-13,-4.07202049857e-12,-3.83483842689e-14,9.65606981878e-14,0.0,5.93493246466e-14,1.18360301148e-15,-1.19342551051e-14,0.0,-3.83483842689e-14,9.65606981878e-14,0.0,5.93493246466e-14,1.18360301148e-15,-1.19342551051e-14,0.0
0.0101206302643,1.98522628152,0.897152921302,1.11203652246,0.0,0.0,2.2774618576,0.170910262464,-0.269481440869,0.17799555588,0.117406830641,0.165072721375,0.144448381268,-2.5583091201e-11,0.0,-1.45998972502e-13,-1.354253811e-13,0.753638134202,-0.595648219,-0.774306092314,0.322419496017,0.573684952811,0.163027748759,3.03314596695,0.234218307576,-0.206349570023,-0.0677401899821,-0.00558955886287,-1.32217570226e-11,0.0,-3.43016136833e-13,2.7925661783e-11,0.0,-1.81738202093e-14,-2.1731060936e-13,-4.07240907663e-12,-3.78127842613e-14,9.64380227825e-14,0.0,5.97150317979e-14,1.20864422834e-15,-1.16953585663e-14,0.0,-3.78127842613e-14,9.64380227825e-14,0.0,5.97150317979e-14,1.20864422834e-15,-1.16953585663e-14,0.0
0.00988674163818,1.98461002178,0.897241360047,1.11220888574,0.0,0.0,2.27491158489,0.170518013138,-0.267822475125,0.179953631658,0.11715550413,0.164810039208,0.14428028375,-2.55828691564e-11,0.0,-1.46097103281e-13,-1.35135895303e-13,0.750857877014,-0.594834755117,-0.767684392996,0.322679898774,0.573982904167,0.161973904812,3.03324952849,0.233987009509,-0.209493887803,-0.0687431862807,-0.00585822583064,-1.32220900895e-11,0.0,-3.43104454534e-13,2.7925661783e-11,0.0,-1.7899054029e-14,-2.17251730893e-13,-4.07268663238e-12,-3.75973211204e-14,9.6560207055e-14,0.0,5.9968380077e-14,1.29814597095e-15,-1.21154641144e-14,0.0,-3.75973211204e-14,9.6560207055e-14,0.0,5.9968380077e-14,1.29814597095e-15,-1.21154641144e-14,0.0
