0.0,1.24521048826,1.32721967236,1.13156618555,0.0,0.0,0.552456108394,-0.0862048474958,-0.169675046252,0.388907141661,0.0386775227939,0.19290786545,0.152242734336,-1.93129956472e-11,0.0,-1.17447822448e-13,-5.3844358255e-14,0.828430441344,-0.202720223363,-0.359646783457,0.359630582037,0.617368743459,-0.224252674194,2.18110794193,0.273724114032,-0.406133315965,-0.0246246985385,0.00748518312652,-8.57158788392e-12,0.0,-2.42540032555e-13,2.01063610206e-11,0.0,-5.1342023399e-14,-2.04784215463e-13,-2.84383627758e-12,-3.94381788448e-14,7.45008751451e-14,0.0,6.167859086e-14,4.50066465297e-14,4.19454457063e-14,0.0,-3.94381788448e-14,7.45008751451e-14,0.0,6.167859086e-14,4.50066465297e-14,4.19454457063e-14,0.0
0.010041475296,1.24543701613,1.32730767487,1.13161794336,0.0,0.0,0.552354908883,-0.0868729913357,-0.168462959428,0.38830730362,0.0389978247755,0.193025426112,0.152678139623,-1.93134397364e-11,0.0,-1.1739385052e-13,-5.37854797878e-14,0.823125622543,-0.199852007113,-0.356740906862,0.359043192771,0.620300051072,-0.223913289195,2.18584249368,0.274145236969,-0.408518272471,-0.0311335412209,0.00757308004451,-8.57214299543e-12,0.0,-2.42589097945e-13,2.0106138976e-11,0.0,-5.13027710875e-14,-2.04818561235e-13,-2.84389178873e-12,-3.94369680373e-14,7.45011937763e-14,0.0,6.1554575425e-14,4.49627437104e-14,4.21669937033e-14,0.0,-3.94369680373e-14,7.45011937763e-14,0.0,6.1554575425e-14,4.49627437104e-14,4.21669937033e-14,0.0
0.010002374649,1.24568429327,1.32738585305,1.13166652735,0.0,0.0,0.551914673949,-0.0873311531253,-0.166125612119,0.388022880946,0.0391688155352,0.19299060942,0.152671488874,-1.93127736026e-11,0.0,-1.1711908434e-13,-5.35009005296e-14,0.81593874229,-0.198154818986,-0.349298119466,0.359138981501,0.621277379066,-0.224867071175,2.18506894877,0.273854476986,-0.412783852759,-0.0401464931603,0.00592060163288,-8.5728646404e-12,0.0,-2.42466434471e-13,2.01056948868e-11,0.0,-5.10672572187e-14,-2.04602673522e-13,-2.84372525527e-12,-3.94320754755e-14,7.41608038824e-14,0.0,6.18123075583e-14,4.45759571989e-14,4.21272294083e-14,0.0,-3.94320754755e-14,7.41608038824e-14,0.0,6.18123075583e-14,4.45759571989e-14,4.21272294083e-14,0.0
0.00997543334961,1.24599069909,1.32743788784,1.13167922265,0.0,0.0,0.553852657594,-0.08814946836,-0.164788396088,0.385500143117,0.0390452461638,0.192949692008,0.152806952721,-1.93107752011e-11,0.0,-1.16952262016e-13,-5.35107136075e-14,0.814483435655,-0.196140960771,-0.343669217258,0.359038354123,0.624916550779,-0.227796201983,2.18033707169,0.273381564245,-0.411938089651,-0.0338262448776,-0.000459676716957,-8.57358628537e-12,0.0,-2.42554752172e-13,2.01054728421e-11,0.0,-5.13027710875e-14,-2.04455477354e-13,-2.84383627758e-12,-3.90935942462e-14,7.4122061875e-14,0.0,6.18324230325e-14,4.48985862445e-14,4.187750634e-14,0.0,-3.90935942462e-14,7.4122061875e-14,0.0,6.18324230325e-14,4.48985862445e-14,4.187750634e-14,0.0
0.00998163223267,1.24619839806,1.32752250931,1.13168471582,0.0,0.0,0.55432350972,-0.0890228304394,-0.163681462521,0.38478330201,0.0387707383169,0.192933597436,0.153036433496,-1.93087767997e-11,0.0,-1.17006233944e-13,-5.35156201464e-14,0.809449167078,-0.194587548218,-0.343036899061,0.358404813293,0.627135983979,-0.226729125777,2.179962,0.273747652182,-0.420973863846,-0.0429395649948,0.000209814931029,-8.57353077421e-12,0.0,-2.42844237969e-13,2.01092476004e-11,0.0,-5.14205280219e-14,-2.04411318504e-13,-2.84389178873e-12,-3.91193973414e-14,7.3917675856e-14,0.0,6.2103297173e-14,4.50621251025e-14,4.19213900797e-14,0.0,-3.91193973414e-14,7.3917675856e-14,0.0,6.2103297173e-14,4.50621251025e-14,4.19213900797e-14,0.0
0.00999736785889,1.24644139419,1.3276429079,1.13173470361,0.0,0.0,0.554163175457,-0.0903354128889,-0.162156308579,0.384592866624,0.0384557531773,0.19286398937,0.153232612081,-1.9307444532e-11,0.0,-1.17658803623e-13,-5.35401528411e-14,0.809082837803,-0.192707327208,-0.339416453467,0.358477099922,0.632351146586,-0.228802756516,2.17432776127,0.272964135515,-0.419586256031,-0.02521185119,-0.00540470635538,-8.57369730767e-12,0.0,-2.4320732185e-13,2.01079153328e-11,0.0,-5.14205280219e-14,-2.04592860444e-13,-2.84383627758e-12,-3.9117805316e-14,7.34032241785e-14,0.0,6.23761076378e-14,4.48501775445e-14,4.19408435037e-14,0.0,-3.9117805316e-14,7.34032241785e-14,0.0,6.23761076378e-14,4.48501775445e-14,4.19408435037e-14,0.0
0.0145452022552,1.2467329346,1.3276771865,1.13176613672,0.0,0.0,0.556188175306,-0.0920033571905,-0.161118418664,0.382278862593,0.0379446062111,0.192758030598,0.153201387755,-1.93056681752e-11,0.0,-1.17428196293e-13,-5.35990313083e-14,0.807771033077,-0.191830015027,-0.341294791248,0.357984868232,0.634776889086,-0.227382008046,2.16727737459,0.273241758491,-0.432863131969,-0.032280210313,-0.0102353132674,-8.57391935227e-12,0.0,-2.4279517258e-13,2.01048067083e-11,0.0,-5.16167895792e-14,-2.04553608133e-13,-2.84400281103e-12,-3.91402144947e-14,7.3401827919e-14,0.0,6.2679408402e-14,4.49037524211e-14,4.19798307124e-14,0.0,-3.91402144947e-14,7.3401827919e-14,0.0,6.2679408402e-14,4.49037524211e-14,4.19798307124e-14,0.0
0.00549268722534,1.24703898274,1.32773280123,1.13187624414,0.0,0.0,0.557269100906,-0.0928545941751,-0.159511057841,0.380783314881,0.0379139357879,0.192788632991,0.153203924623,-1.9305224086e-11,0.0,-1.18012074426e-13,-5.35597789969e-14,0.799668866804,-0.189484410054,-0.334436310235,0.357684245013,0.639635400005,-0.228153749644,2.1629793275,0.273065446357,-0.437609065158,-0.0276267306598,-0.0148441609391,-8.57403037458e-12,0.0,-2.42481154088e-13,2.01039185299e-11,0.0,-5.16167895792e-14,-2.04602673522e-13,-2.84378076643e-12,-3.91523791571e-14,7.34018224649e-14,0.0,6.26468170824e-14,4.5068052487e-14,4.18439085902e-14,0.0,-3.91523791571e-14,7.34018224649e-14,0.0,6.26468170824e-14,4.5068052487e-14,4.18439085902e-14,0.0
0.0100636482239,1.24730378781,1.32794927726,1.13193093164,0.0,0.0,0.552948764876,-0.0953450693105,-0.157088097505,0.38484277936,0.0381911276761,0.192890553504,0.153503431558,-1.93034477292e-11,0.0,-1.17756934401e-13,-5.29072093187e-14,0.793660250007,-0.186148056026,-0.330537065326,0.35769904489,0.644312163248,-0.228558569177,2.16331707078,0.272816929385,-0.453632855955,-0.0296215062813,-0.0187626131365,-8.57430793033e-12,0.0,-2.41936528266e-13,2.01043626191e-11,0.0,-5.16560418907e-14,-2.04558514672e-13,-2.84372525527e-12,-3.9188871639e-14,7.34018224436e-14,0.0,6.26466896021e-14,4.51027734909e-14,4.1842971716e-14,0.0,-3.9188871639e-14,7.34018224436e-14,0.0,6.26466896021e-14,4.51027734909e-14,4.1842971716e-14,0.0
0.0100994110107,1.24763913818,1.32797055535,1.13200368554,0.0,0.0,0.554676819954,-0.0972819044371,-0.155484129667,0.383536601887,0.0380455173673,0.19281648084,0.153702067197,-1.9304113863e-11,0.0,-1.17933569803e-13,-5.26716954499e-14,0.786988607603,-0.184309288155,-0.334312838406,0.357150866354,0.649916257645,-0.222416370328,2.16527125707,0.272899821997,-0.468852753436,-0.0296425858568,-0.0264015002825,-8.57464099724e-12,0.0,-2.42186761752e-13,2.01068051098e-11,0.0,-5.15382849563e-14,-2.04627206217e-13,-2.84394729988e-12,-3.92082424175e-14,7.40298594269e-14,0.0,6.27960318822e-14,4.50058543424e-14,4.1966547519e-14,0.0,-3.92082424175e-14,7.40298594269e-14,0.0,6.27960318822e-14,4.50058543424e-14,4.1966547519e-14,0.0
0.00983333587646,1.2480244306,1.3280862002,1.13211495263,0.0,0.0,0.554000382531,-0.0992673436067,-0.153130105455,0.384508008179,0.0379792297517,0.192657630438,0.15376834425,-1.93047799968e-11,0.0,-1.17958102498e-13,-5.23478638803e-14,0.782512968998,-0.181630154172,-0.329234223901,0.357234698317,0.655108123978,-0.224755897399,2.16892349563,0.272215650955,-0.483252422848,-0.0162710439468,-0.0285540836981,-8.57469650839e-12,0.0,-2.42137696363e-13,2.0107249199e-11,0.0,-5.14990326448e-14,-2.03881412299e-13,-2.84361423297e-12,-3.9560879061e-14,7.38728501811e-14,0.0,6.240777204e-14,4.46703246717e-14,4.15902137812e-14,0.0,-3.9560879061e-14,7.38728501811e-14,0.0,6.240777204e-14,4.46703246717e-14,4.15902137812e-14,0.0
0.0100336074829,1.24845210506,1.32799275851,1.13223787744,0.0,0.0,0.559545195287,-0.100350851687,-0.152015606178,0.379554384527,0.0376708551317,0.192501593068,0.15381604762,-1.93045579522e-11,0.0,-1.18159270594e-13,-5.26128169827e-14,0.776132150814,-0.18019579821,-0.329922006241,0.356741201466,0.658884384149,-0.223155078185,2.16974122204,0.272542228494,-0.497428532815,-0.0374234386771,-0.0340218085074,-8.5752516199e-12,0.0,-2.42142602902e-13,2.01079153328e-11,0.0,-5.14597803334e-14,-2.03444730334e-13,-2.84378076643e-12,-3.96026502546e-14,7.38728501811e-14,0.0,6.2411161939e-14,4.50768737749e-14,4.17645923803e-14,0.0,-3.96026502546e-14,7.38728501811e-14,0.0,6.2411161939e-14,4.50768737749e-14,4.17645923803e-14,0.0
0.0099356174469,1.24869033446,1.32818745859,1.13232656152,0.0,0.0,0.557647425699,-0.10215545028,-0.150203377677,0.381835773884,0.0373907401331,0.192393479741,0.153987619887,-1.93045579522e-11,0.0,-1.18139644438e-13,-5.19357146099e-14,0.772626249861,-0.179674679519,-0.335395118845,0.356444836083,0.664867413933,-0.218825078015,2.179530561,0.272274846592,-0.510640099737,-0.0401649280636,-0.0366926722016,-8.57552917566e-12,0.0,-2.41902182494e-13,2.0108359422e-11,0.0,-5.14597803334e-14,-2.03366225711e-13,-2.84383627758e-12,-3.99418101888e-14,7.36373363123e-14,0.0,6.20186520661e-14,4.44654937872e-14,4.14200818036e-14,0.0,-3.99418101888e-14,7.36373363123e-14,0.0,6.20186520661e-14,4.44654937872e-14,4.14200818036e-14,0.0
0.0100452899933,1.24901138976,1.32824310568,1.1323983999,0.0,0.0,0.559051410695,-0.103735585612,-0.148647317515,0.380345794478,0.037155614982,0.192391168534,0.154102389576,-1.93027815953e-11,0.0,-1.1748707476e-13,-5.26864150667e-14,0.774863706463,-0.177640912106,-0.333380710177,0.356540786989,0.674675762093,-0.223980519295,2.17992813205,0.271666408602,-0.509854588952,0.00854645912468,-0.0459687285765,-8.57713899904e-12,0.0,-2.42088630973e-13,2.01052507975e-11,0.0,-5.13027710875e-14,-2.03533048035e-13,-2.84372525527e-12,-3.99372541549e-14,7.36373363123e-14,0.0,6.24219082864e-14,4.46747733817e-14,4.14076967604e-14,0.0,-3.99372541549e-14,7.36373363123e-14,0.0,6.24219082864e-14,4.46747733817e-14,4.14076967604e-14,0.0
0.0101630687714,1.24924731311,1.32844544096,1.13247603662,0.0,0.0,0.556575895396,-0.105675570657,-0.146681537053,0.382812447895,0.036878528082,0.192367058539,0.154186521912,-1.93014493277e-11,0.0,-1.17153430112e-13,-5.29072093187e-14,0.7696393343,-0.176714999828,-0.333123962002,0.355952792044,0.682457479247,-0.222593215334,2.17631403796,0.271809251473,-0.519683723565,0.015651888111,-0.0493483972783,-8.57736104365e-12,0.0,-2.42122976746e-13,2.01079153328e-11,0.0,-5.14205280219e-14,-2.03582113424e-13,-2.84355872182e-12,-4.02693023591e-14,7.36100436895e-14,0.0,6.16540768695e-14,4.44670162783e-14,4.15729661625e-14,0.0,-4.02693023591e-14,7.36100436895e-14,0.0,6.16540768695e-14,4.44670162783e-14,4.15729661625e-14,0.0
0.00983047485352,1.24954630865,1.32845480647,1.13254714258,0.0,0.0,0.5609518672,-0.106110637569,-0.145559988912,0.378517563654,0.0370517598573,0.192467235329,0.154380727198,-1.93016713723e-11,0.0,-1.17320252436e-13,-5.3549965919e-14,0.767690603296,-0.175039485184,-0.333713048969,0.355511325019,0.690046551613,-0.226376919324,2.17214649517,0.27200296513,-0.52548149539,0.0192439387132,-0.0548862091893,-8.57736104365e-12,0.0,-2.42211294447e-13,2.01105798681e-11,0.0,-5.12242664646e-14,-2.03650804969e-13,-2.84366974412e-12,-4.02989197473e-14,7.37145076887e-14,0.0,6.18832852329e-14,4.45046509503e-14,4.1584724642e-14,0.0,-4.02989197473e-14,7.37145076887e-14,0.0,6.18832852329e-14,4.45046509503e-14,4.1584724642e-14,0.0
0.00998950004578,1.24967236251,1.32881522432,1.13251345117,0.0,0.0,0.55421642196,-0.108600415516,-0.142691869516,0.384794458606,0.0370782428981,0.192466015061,0.154475866419,-1.93012272831e-11,0.0,-1.17330065514e-13,-5.3250667044e-14,0.768896659981,-0.174527434786,-0.339580472094,0.355142243853,0.698816618909,-0.226301473808,2.17433211831,0.272252861907,-0.531577214221,0.0454769472103,-0.0623592005872,-8.57658388753e-12,0.0,-2.42324144842e-13,2.01123562249e-11,0.0,-5.12242664646e-14,-2.0360173958e-13,-2.84339218837e-12,-4.03063117962e-14,7.37161423859e-14,0.0,6.13139933402e-14,4.4408002347e-14,4.16903414054e-14,0.0,-4.03063117962e-14,7.37161423859e-14,0.0,6.13139933402e-14,4.4408002347e-14,4.16903414054e-14,0.0
0.00996136665344,1.24996494818,1.32887342702,1.13250154932,0.0,0.0,0.559276106514,-0.108646207502,-0.14138255813,0.37922285674,0.0370317928463,0.192505133068,0.15449245762,-1.92992288817e-11,0.0,-1.17035673178e-13,-5.29121158576e-14,0.770315365984,-0.175721674127,-0.348917452666,0.35493222845,0.70428084136,-0.225030835206,2.16610301051,0.272178648393,-0.534048420066,0.0366801019704,-0.0639501603838,-8.57702797674e-12,0.0,-2.42270172914e-13,2.01119121357e-11,0.0,-5.11457618416e-14,-2.03493795723e-13,-2.84339218837e-12,-4.02798985052e-14,7.43438790962e-14,0.0,6.12336226638e-14,4.4440217518e-14,4.18004568321e-14,0.0,-4.02798985052e-14,7.43438790962e-14,0.0,6.12336226638e-14,4.4440217518e-14,4.18004568321e-14,0.0
0.0100843906403,1.24996885639,1.32897934641,1.13252834375,0.0,0.0,0.557879409705,-0.109936217169,-0.140896839073,0.379400143625,0.0368970224965,0.192566488183,0.154663183818,-1.92990068371e-11,0.0,-1.17079832028e-13,-5.2887583163e-14,0.784613774832,-0.17839013513,-0.369240491474,0.354682857831,0.711656275066,-0.223633988083,2.14807465748,0.271612186701,-0.532581125149,0.0489661094226,-0.0647492813214,-8.57691695444e-12,0.0,-2.42216200986e-13,2.01074712436e-11,0.0,-5.12242664646e-14,-2.03528141496e-13,-2.84328116607e-12,-4.02636950718e-14,7.43438779233e-14,0.0,6.15209451773e-14,4.44368026111e-14,4.17912800112e-14,0.0,-4.02636950718e-14,7.43438779233e-14,0.0,6.15209451773e-14,4.44368026111e-14,4.17912800112e-14,0.0
0.00999927520752,1.24991502606,1.32913219217,1.13252150781,0.0,0.0,0.556177014666,-0.110724399192,-0.140312289874,0.379806208227,0.0368969509359,0.192593135573,0.154682517139,-1.9297896614e-11,0.0,-1.17241747813e-13,-5.31525362654e-14,0.7952408569,-0.182100024093,-0.388358780498,0.354335765324,0.720385810643,-0.220295268962,2.16677313,0.271515719018,-0.537582689719,0.0716821788044,-0.071237977122,-8.57747206595e-12,0.0,-2.41715734014e-13,2.01076932882e-11,0.0,-5.11457618416e-14,-2.03704776897e-13,-2.84322565491e-12,-3.9938797473e-14,7.4410422853e-14,0.0,6.15294273026e-14,4.45491621297e-14,4.1699332121e-14,0.0,-3.9938797473e-14,7.4410422853e-14,0.0,6.15294273026e-14,4.45491621297e-14,4.1699332121e-14,0.0
0.00992631912231,1.24970342159,1.32950367911,1.13250698144,0.0,0.0,0.547051516698,-0.112655198119,-0.138968871661,0.387882747159,0.037062339648,0.192641975357,0.154704650743,-1.92974525248e-11,0.0,-1.17541046688e-13,-5.2887583163e-14,0.806279159779,-0.185366296428,-0.407914234289,0.353873979607,0.72775557455,-0.218742637686,2.17028470949,0.271603677588,-0.553392429071,0.0615512503787,-0.0764322085711,-8.57836024437e-12,0.0,-2.41632322852e-13,2.01079153328e-11,0.0,-5.08317433499e-14,-2.03670431125e-13,-2.84294809916e-12,-4.02753408009e-14,7.40819446856e-14,0.0,6.11620162515e-14,4.42423602248e-14,4.16806899566e-14,0.0,-4.02753408009e-14,7.40819446856e-14,0.0,6.11620162515e-14,4.42423602248e-14,4.16806899566e-14,0.0
0.0100128650665,1.24975304806,1.32954442118,1.13248775537,0.0,0.0,0.548867165861,-0.112648559175,-0.138705015537,0.385564221505,0.0370233395623,0.192672816733,0.154729323434,-1.92965643464e-11,0.0,-1.17403663598e-13,-5.28188916179e-14,0.815003875369,-0.189190972384,-0.422926082375,0.352928277113,0.734546112742,-0.219561835603,2.15609493113,0.2721066774,-0.552723734676,0.0661686980343,-0.0749414194577,-8.57819371092e-12,0.0,-2.41877649799e-13,2.01052507975e-11,0.0,-5.07924910384e-14,-2.03425104178e-13,-2.84289258801e-12,-3.99407412072e-14,7.37942423575e-14,0.0,6.1076104708e-14,4.4583700337e-14,4.16873416215e-14,0.0,-3.99407412072e-14,7.37942423575e-14,0.0,6.1076104708e-14,4.4583700337e-14,4.16873416215e-14,0.0
0.00999188423157,1.24986485887,1.32951348268,1.13250557763,0.0,0.0,0.552581027455,-0.112477506273,-0.138797923935,0.380644470964,0.0371216053605,0.192616068504,0.154699487297,-1.92954541234e-11,0.0,-1.17683336317e-13,-5.26716954499e-14,0.832812320406,-0.193503613441,-0.445869683363,0.352307432988,0.741250092167,-0.220170983282,2.16720575671,0.272062143454,-0.571471721908,0.104373689593,-0.0832293230339,-8.57930393394e-12,0.0,-2.42574378328e-13,2.01043626191e-11,0.0,-5.08317433499e-14,-2.03606646119e-13,-2.84283707686e-12,-3.99483311885e-14,7.42092543536e-14,0.0,6.06567757587e-14,4.43542614198e-14,4.16822504057e-14,0.0,-3.99483311885e-14,7.42092543536e-14,0.0,6.06567757587e-14,4.43542614198e-14,4.16822504057e-14,0.0
0.0100150108337,1.24979004343,1.32971163551,1.13246389062,0.0,0.0,0.548651891868,-0.113161988232,-0.138239352822,0.383461323193,0.0372517304101,0.192655006797,0.154797369405,-1.9294565945e-11,0.0,-1.17472355143e-13,-5.2298798491e-14,0.849460161159,-0.200172647561,-0.470867056539,0.352218715636,0.749008037902,-0.215557426236,2.15887290584,0.271378597336,-0.578395945297,0.125650226233,-0.0844527257994,-8.57991455661e-12,0.0,-2.42692135262e-13,2.01041405745e-11,0.0,-5.0753238727e-14,-2.04028608467e-13,-2.84283707686e-12,-3.99885132705e-14,7.42654607398e-14,0.0,6.0475218568e-14,4.4318385025e-14,4.16876219215e-14,0.0,-3.99885132705e-14,7.42654607398e-14,0.0,6.0475218568e-14,4.4318385025e-14,4.16876219215e-14,0.0
0.00998163223267,1.24980555932,1.32951688661,1.1327577749,0.0,0.0,0.544511607415,-0.116767511753,-0.1389611163,0.389345538947,0.0369520909422,0.192170338056,0.15498246746,-1.92930116327e-11,0.0,-1.1734969167e-13,-5.21368827062e-14,0.879366982228,-0.206720638175,-0.513679214998,0.351460119012,0.755101789403,-0.213891371854,2.15043294995,0.271389849879,-0.575949714001,0.132017499704,-0.0836405658433,-8.5798035343e-12,0.0,-2.43040499526e-13,2.01056948868e-11,0.0,-5.04784725467e-14,-2.04116926168e-13,-2.84294809916e-12,-4.0026770818e-14,7.38995298281e-14,0.0,6.05713300017e-14,4.44528409983e-14,4.1771137816e-14,0.0,-4.0026770818e-14,7.38995298281e-14,0.0,6.05713300017e-14,4.44528409983e-14,4.1771137816e-14,0.0
0.0100133419037,1.2497897528,1.32958172977,1.13273848779,0.0,0.0,0.543140845044,-0.117026887284,-0.139162670101,0.389883895435,0.0370724704619,0.192223050804,0.154872592779,-1.92919014097e-11,0.0,-1.17403663598e-13,-5.1415621483e-14,0.898174398512,-0.212772643935,-0.532880798093,0.351045426123,0.76182747079,-0.218611280203,2.13421543346,0.271212739162,-0.573901125101,0.121719764497,-0.0824632025619,-8.5795814897e-12,0.0,-2.43015966832e-13,2.01065830652e-11,0.0,-5.04784725467e-14,-2.0415127194e-13,-2.84283707686e-12,-4.00118410422e-14,7.38729543984e-14,0.0,6.03821014009e-14,4.44714816905e-14,4.18714313005e-14,0.0,-4.00118410422e-14,7.38729543984e-14,0.0,6.03821014009e-14,4.44714816905e-14,4.18714313005e-14,0.0
0.00997424125671,1.24980560568,1.32959708616,1.13268984278,0.0,0.0,0.543654042028,-0.117205824348,-0.139549080093,0.388840178715,0.0371933859834,0.192263324786,0.154855524357,-1.92905691421e-11,0.0,-1.16525393129e-13,-5.12831449318e-14,0.918469195097,-0.219057648432,-0.554306917294,0.350143305966,0.769111882584,-0.223056235403,2.13433120123,0.27159995036,-0.587689218844,0.168078007978,-0.0857295286896,-8.5798035343e-12,0.0,-2.43168069539e-13,2.01063610206e-11,0.0,-5.04784725467e-14,-2.04273935414e-13,-2.8426705434e-12,-4.00174212695e-14,7.38728505882e-14,0.0,6.03701053493e-14,4.39797184753e-14,4.19136911672e-14,0.0,-4.00174212695e-14,7.38728505882e-14,0.0,6.03701053493e-14,4.39797184753e-14,4.19136911672e-14,0.0
0.0103724002838,1.24978866172,1.32958935057,1.13268862207,0.0,0.0,0.543261111328,-0.117527999195,-0.139960657368,0.388793573994,0.0373041465884,0.192247088617,0.154735852909,-1.92901250529e-11,0.0,-1.16397823117e-13,-5.10721637576e-14,0.933933643428,-0.228511286055,-0.582205577997,0.349605153597,0.777791370276,-0.214347686244,2.12845839957,0.271535867769,-0.606404383506,0.194379514413,-0.0916651940973,-8.58013660121e-12,0.0,-2.44090498858e-13,2.0107249199e-11,0.0,-5.05177248582e-14,-2.04602673522e-13,-2.84294809916e-12,-4.00131083436e-14,7.38728501827e-14,0.0,6.01458877481e-14,4.39886286586e-14,4.1959772231e-14,0.0,-4.00131083436e-14,7.38728501827e-14,0.0,6.01458877481e-14,4.39886286586e-14,4.1959772231e-14,0.0
0.00966930389404,1.24980025236,1.32962407532,1.13263662012,0.0,0.0,0.542752740412,-0.117561671762,-0.140021620064,0.388991595267,0.0372090319361,0.192227153674,0.154343659105,-1.92881266514e-11,0.0,-1.16481234279e-13,-5.04294071573e-14,0.94858282756,-0.239080840734,-0.608208940574,0.349534427549,0.785344547593,-0.208062606463,2.12826686482,0.270939855685,-0.586155360169,0.200065004442,-0.0884261569576,-8.58013660121e-12,0.0,-2.43992368079e-13,2.01088035112e-11,0.0,-5.05569771696e-14,-2.04190524252e-13,-2.84355872182e-12,-4.0007455287e-14,7.4085977966e-14,0.0,5.99162445077e-14,4.37596949622e-14,4.19814646357e-14,0.0,-4.0007455287e-14,7.4085977966e-14,0.0,5.99162445077e-14,4.37596949622e-14,4.19814646357e-14,0.0
0.00999879837036,1.24981263254,1.32958590954,1.13258791407,0.0,0.0,0.542783794762,-0.117859438817,-0.140474931974,0.389122730551,0.0374545723992,0.192260093283,0.154171036519,-1.9288348696e-11,0.0,-1.15867916912e-13,-5.06403883315e-14,0.967344891194,-0.24613684183,-0.627956066926,0.348626483648,0.795022483801,-0.214971107923,2.12076102516,0.271786667966,-0.606102303664,0.249096389442,-0.0991805207157,-8.57991455661e-12,0.0,-2.43722508438e-13,2.01079153328e-11,0.0,-5.06354817926e-14,-2.04004075772e-13,-2.84328116607e-12,-4.00077601626e-14,7.403007864e-14,0.0,5.96125890955e-14,4.37585203923e-14,4.22346447861e-14,0.0,-4.00077601626e-14,7.403007864e-14,0.0,5.96125890955e-14,4.37585203923e-14,4.22346447861e-14,0.0
0.00997376441956,1.24978597964,1.3295486086,1.13258181055,0.0,0.0,0.543778376366,-0.11746702345,-0.141305294218,0.388582029792,0.0376942901042,0.192337418277,0.154026085597,-1.92879046068e-11,0.0,-1.15985673846e-13,-5.14794064891e-14,0.983762198443,-0.255002985847,-0.64634609634,0.347972699892,0.801341971437,-0.2183961316,2.11573575195,0.271827594271,-0.606112468356,0.278610770125,-0.0968544153247,-8.579692512e-12,0.0,-2.43751947672e-13,2.01065830652e-11,0.0,-5.05569771696e-14,-2.04273935414e-13,-2.84328116607e-12,-4.03233132069e-14,7.38277722109e-14,0.0,5.94575533807e-14,4.34656462822e-14,4.16344055636e-14,0.0,-4.03233132069e-14,7.38277722109e-14,0.0,5.94575533807e-14,4.34656462822e-14,4.16344055636e-14,0.0
0.0100057125092,1.24987876627,1.32951908865,1.13255208643,0.0,0.0,0.545827289204,-0.116891396102,-0.141630895382,0.387349605708,0.0379497923045,0.192307455832,0.153788150841,-1.92876825622e-11,0.0,-1.15794318828e-13,-5.08415564278e-14,0.994551239132,-0.264895935176,-0.665399963404,0.347678693991,0.809194330142,-0.215440762282,2.10341826947,0.271594871871,-0.612049874215,0.288580190747,-0.0946326546048,-8.5794704674e-12,0.0,-2.43648910354e-13,2.0107249199e-11,0.0,-5.05569771696e-14,-2.03385851867e-13,-2.84350321067e-12,-4.02959116009e-14,7.35933080347e-14,0.0,5.96484205473e-14,4.34808942833e-14,4.17511760371e-14,0.0,-4.02959116009e-14,7.35933080347e-14,0.0,5.96484205473e-14,4.34808942833e-14,4.17511760371e-14,0.0
0.0100393295288,1.24991781815,1.32950720208,1.13250960596,0.0,0.0,0.546172152272,-0.11642986162,-0.142059295426,0.387878150714,0.0381618866635,0.192367512088,0.153550130706,-1.9287238473e-11,0.0,-1.1597095423e-13,-5.04980987024e-14,1.00706294732,-0.275522617718,-0.689581458592,0.346915512321,0.815180426752,-0.210814965047,2.09162963213,0.271720111693,-0.614532547387,0.292695067785,-0.0948859982657,-8.58046966812e-12,0.0,-2.43624377659e-13,2.01074712436e-11,0.0,-5.05569771696e-14,-2.03621365736e-13,-2.84344769952e-12,-4.0604280413e-14,7.32182685654e-14,0.0,5.9434231188e-14,4.33111344525e-14,4.15636294372e-14,0.0,-4.0604280413e-14,7.32182685654e-14,0.0,5.9434231188e-14,4.33111344525e-14,4.15636294372e-14,0.0
0.00994491577148,1.24987584627,1.32961150219,1.13248073633,0.0,0.0,0.541797095873,-0.117037630007,-0.142173933501,0.393396367334,0.0388962538129,0.192417506948,0.15375991011,-1.92859062054e-11,0.0,-1.16098524242e-13,-5.04441267741e-14,1.02652789057,-0.283333876213,-0.702583260771,0.346655429753,0.821522349573,-0.223548200233,2.08166457674,0.271438065312,-0.613410103197,0.315602714119,-0.0966959294797,-8.58024762351e-12,0.0,-2.43065032221e-13,2.0107249199e-11,0.0,-5.02822109893e-14,-2.03680244203e-13,-2.84333667722e-12,-4.02843954931e-14,7.31269525732e-14,0.0,5.94682866473e-14,4.35700044026e-14,4.15957677541e-14,0.0,-4.02843954931e-14,7.31269525732e-14,0.0,5.94682866473e-14,4.35700044026e-14,4.15957677541e-14,0.0
0.0100140571594,1.24985023847,1.32972695862,1.13244069726,0.0,0.0,0.53851053618,-0.116660583484,-0.142543336156,0.397680145349,0.0391107857644,0.192531931825,0.153564508014,-1.92845739377e-11,0.0,-1.16358570805e-13,-5.03018371451e-14,1.03757647361,-0.294367069957,-0.721951906218,0.345791618711,0.82664927481,-0.219405655577,2.07940861662,0.271626386527,-0.616741135399,0.341420615676,-0.0957792513296,-8.58035864582e-12,0.0,-2.42947275287e-13,2.01092476004e-11,0.0,-5.02822109893e-14,-2.03729309592e-13,-2.84311463261e-12,-4.02982526212e-14,7.31661548403e-14,0.0,5.91395878713e-14,4.35731532721e-14,4.16503544917e-14,0.0,-4.02982526212e-14,7.31661548403e-14,0.0,5.91395878713e-14,4.35731532721e-14,4.16503544917e-14,0.0
0.0100979804993,1.24990634535,1.32979441608,1.13241597803,0.0,0.0,0.537120348593,-0.116689920436,-0.142870058608,0.400388452353,0.039374036743,0.192476986131,0.153412521662,-1.92845739377e-11,0.0,-1.1601511308e-13,-5.04980987024e-14,1.05132476806,-0.308606847009,-0.749324320184,0.344109802361,0.823492412379,-0.209149401931,2.07428171008,0.27170068882,-0.6243003932,0.347177674406,-0.0976577630701,-8.58035864582e-12,0.0,-2.43192602233e-13,2.01099137342e-11,0.0,-5.05569771696e-14,-2.03542861113e-13,-2.84305912146e-12,-4.02830142738e-14,7.31663079741e-14,0.0,5.91140762918e-14,4.42237832825e-14,4.140201505e-14,0.0,-4.02830142738e-14,7.31663079741e-14,0.0,5.91140762918e-14,4.42237832825e-14,4.140201505e-14,0.0
0.00997114181519,1.25005429082,1.32970545645,1.13237819726,0.0,0.0,0.539835477192,-0.11510970724,-0.144202476851,0.399165417879,0.0395476044058,0.192619380971,0.153212465056,-1.92834637147e-11,0.0,-1.15735440361e-13,-5.05667902475e-14,1.05569553566,-0.317286187141,-0.757361897285,0.344565688394,0.836913935389,-0.211530678375,2.07517172839,0.271846621327,-0.624498910317,0.375041951087,-0.092299125522,-8.58046966812e-12,0.0,-2.42711761418e-13,2.01116900911e-11,0.0,-5.03999679237e-14,-2.03209216465e-13,-2.84272605455e-12,-4.0312899042e-14,7.28786627273e-14,0.0,5.91293143568e-14,4.43274219769e-14,4.15953041942e-14,0.0,-4.0312899042e-14,7.28786627273e-14,0.0,5.91293143568e-14,4.43274219769e-14,4.15953041942e-14,0.0
0.00999116897583,1.25016314407,1.32963761108,1.13240975244,0.0,0.0,0.541215284801,-0.114539768486,-0.1452813196,0.399014329689,0.0396535432825,0.192507182105,0.152874937013,-1.92823534917e-11,0.0,-1.16221187715e-13,-5.03950613848e-14,1.06117937805,-0.32819688169,-0.774094072169,0.34476538249,0.846969489719,-0.204736371819,2.07365793053,0.271904230957,-0.619759257302,0.387840126194,-0.0903282435369,-8.58013660121e-12,0.0,-2.43123910688e-13,2.01119121357e-11,0.0,-5.05569771696e-14,-2.03385851867e-13,-2.8426705434e-12,-4.03284098577e-14,7.27162366457e-14,0.0,5.89164569421e-14,4.42659222572e-14,4.17535734987e-14,0.0,-4.03284098577e-14,7.27162366457e-14,0.0,5.89164569421e-14,4.42659222572e-14,4.17535734987e-14,0.0
0.00994682312012,1.25032532958,1.32941869044,1.13236946924,0.0,0.0,0.546720219584,-0.113437620666,-0.146975080502,0.395318133387,0.0399932842905,0.192647500013,0.152450608138,-1.92821314471e-11,0.0,-1.16780533154e-13,-5.03018371451e-14,1.08098766555,-0.34266693384,-0.778644013475,0.343572930534,0.837077971656,-0.220665717174,2.05331283288,0.271402771864,-0.616848864428,0.388606707647,-0.0914787555733,-8.58169091345e-12,0.0,-2.4306993876e-13,2.01099137342e-11,0.0,-5.03999679237e-14,-2.03405478022e-13,-2.8426705434e-12,-4.03059587384e-14,7.2996194864e-14,0.0,5.92359145158e-14,4.45483800639e-14,4.19218803096e-14,0.0,-4.03059587384e-14,7.2996194864e-14,0.0,5.92359145158e-14,4.45483800639e-14,4.19218803096e-14,0.0
0.00998139381409,1.25053291499,1.3292745935,1.13228981835,0.0,0.0,0.549539807924,-0.112793151618,-0.147930907299,0.394457855286,0.0407688109317,0.19286609463,0.151941412022,-1.92812432687e-11,0.0,-1.16971888172e-13,-5.02920240672e-14,1.08704876933,-0.354166983985,-0.788107796411,0.342710737904,0.837946618384,-0.219696622219,2.05198974196,0.271649816565,-0.606083680061,0.390924322967,-0.0871855105496,-8.58213500265e-12,0.0,-2.43310359168e-13,2.01101357789e-11,0.0,-5.05177248582e-14,-2.03950103844e-13,-2.84261503225e-12,-4.00331477028e-14,7.27737342707e-14,0.0,5.92232183487e-14,4.48024119953e-14,4.21469920399e-14,0.0,-4.00331477028e-14,7.27737342707e-14,0.0,5.92232183487e-14,4.48024119953e-14,4.21469920399e-14,0.0
0.0100104808807,1.25076053857,1.32909703172,1.13229433496,0.0,0.0,0.552642583711,-0.112158777366,-0.148981078777,0.394352934686,0.0411646630345,0.192894929596,0.151753395716,-1.92792448672e-11,0.0,-1.17133803957e-13,-4.99632859587e-14,1.09339883966,-0.365790734289,-0.796373807608,0.341840532352,0.838009983874,-0.220344271448,2.05155975315,0.27198787192,-0.614535289564,0.406241539778,-0.0831115912503,-8.58202398035e-12,0.0,-2.42672509106e-13,2.01143546263e-11,0.0,-5.04392202352e-14,-2.03793094598e-13,-2.84261503225e-12,-3.97287935269e-14,7.25664839901e-14,0.0,5.93462401425e-14,4.51589945742e-14,4.21836560168e-14,0.0,-3.97287935269e-14,7.25664839901e-14,0.0,5.93462401425e-14,4.51589945742e-14,4.21836560168e-14,0.0
0.0100209712982,1.25084638322,1.32917972825,1.13223445947,0.0,0.0,0.548920929585,-0.112168462399,-0.14916508182,0.40077133372,0.0410322185925,0.19291954764,0.151303813486,-1.92790228226e-11,0.0,-1.17599925155e-13,-5.00074448091e-14,1.0993921572,-0.383785991311,-0.810509922607,0.341710358244,0.831893676853,-0.210554140356,2.03701568395,0.270835599623,-0.596893486201,0.406507761909,-0.0778520153293,-8.58274562532e-12,0.0,-2.43060125682e-13,2.01143546263e-11,0.0,-5.06354817926e-14,-2.03542861113e-13,-2.8425595211e-12,-3.97375741505e-14,7.25383817959e-14,0.0,5.96285032875e-14,4.54826180161e-14,4.22284172756e-14,0.0,-3.97375741505e-14,7.25383817959e-14,0.0,5.96285032875e-14,4.54826180161e-14,4.22284172756e-14,0.0
0.010026216507,1.25096148539,1.32914098884,1.13226912744,0.0,0.0,0.549245332606,-0.111803138263,-0.149803198421,0.403685387769,0.0412875357477,0.192847869745,0.151024596278,-1.92792448672e-11,0.0,-1.1799244827e-13,-4.97964636349e-14,1.1048848407,-0.390956689863,-0.806955495575,0.34056160979,0.834758480217,-0.225458521881,2.02243237302,0.272485779686,-0.581315481664,0.406769173031,-0.0715503518879,-8.58341175913e-12,0.0,-2.42922742592e-13,2.01114680465e-11,0.0,-5.09887525958e-14,-2.03312253783e-13,-2.84239298765e-12,-3.94363552867e-14,7.25692445487e-14,0.0,5.95640227021e-14,4.55927696756e-14,4.20191065568e-14,0.0,-3.94363552867e-14,7.25692445487e-14,0.0,5.95640227021e-14,4.55927696756e-14,4.20191065568e-14,0.0
0.00993728637695,1.25127283757,1.32934025353,1.13227980859,0.0,0.0,0.549654969609,-0.110381267077,-0.149233023634,0.404652530452,0.0419947111058,0.192795506738,0.150464563705,-1.92779125996e-11,0.0,-1.182230556e-13,-4.96738001616e-14,1.10266843087,-0.398114786024,-0.803422135736,0.33971587926,0.839049958553,-0.228469818317,2.0127612832,0.27397615125,-0.570676112155,0.404475293176,-0.0631971311102,-8.58346727028e-12,0.0,-2.42093537512e-13,2.01116900911e-11,0.0,-5.07924910384e-14,-2.03130711842e-13,-2.84228196534e-12,-3.94070741953e-14,7.22504400757e-14,0.0,5.97073315736e-14,4.5891422495e-14,4.24744688445e-14,0.0,-3.94070741953e-14,7.22504400757e-14,0.0,5.97073315736e-14,4.5891422495e-14,4.24744688445e-14,0.0
0.00999641418457,1.25177953753,1.3299251861,1.13208187159,0.0,0.0,0.551561546345,-0.106260243772,-0.146170078277,0.401324047175,0.0430427811575,0.1929518517,0.149655596925,-1.92770244212e-11,0.0,-1.18330999456e-13,-4.92371181965e-14,1.10621392737,-0.413872342811,-0.80827660224,0.339212874548,0.823531272287,-0.219892745729,1.99584772135,0.272586549599,-0.55901613331,0.394038792253,-0.0566125054285,-8.58541016058e-12,0.0,-2.42279985992e-13,2.01105798681e-11,0.0,-5.03999679237e-14,-2.03660618047e-13,-2.8424484988e-12,-3.97329858876e-14,7.20216540026e-14,0.0,5.92633933798e-14,4.56677067847e-14,4.21773808566e-14,0.0,-3.97329858876e-14,7.20216540026e-14,0.0,5.92633933798e-14,4.56677067847e-14,4.21773808566e-14,0.0
0.0100429058075,1.2512652063,1.32934796422,1.13197396142,0.0,0.0,0.553720969754,-0.105720198503,-0.152753482096,0.405846816716,0.0427337976232,0.193737450917,0.149372721902,-1.92768023766e-11,0.0,-1.18851092583e-13,-5.00025382701e-14,1.10892106864,-0.432113731222,-0.817217323303,0.338620703842,0.817291204152,-0.21936145324,1.99023286141,0.272687943749,-0.544454902047,0.394546168131,-0.0512147070081,-8.58513260482e-12,0.0,-2.42373210231e-13,2.01114680465e-11,0.0,-5.05177248582e-14,-2.02762721422e-13,-2.84222645419e-12,-3.97069640255e-14,7.20670657682e-14,0.0,5.95614750235e-14,4.5859434793e-14,4.21292542705e-14,0.0,-3.97069640255e-14,7.20670657682e-14,0.0,5.95614750235e-14,4.5859434793e-14,4.21292542705e-14,0.0
0.0101578235626,1.25143000871,1.32896304757,1.1321527334,0.0,0.0,0.554260649873,-0.107041935306,-0.154892410173,0.412440259125,0.0427014484748,0.193672120377,0.149382080312,-1.92763582874e-11,0.0,-1.19292681087e-13,-5.03116502229e-14,1.11155262694,-0.444855933411,-0.823887951858,0.338021146939,0.811999426386,-0.220110963876,1.97227721107,0.273323492662,-0.534042859092,0.398714505191,-0.0463895328562,-8.58524362712e-12,0.0,-2.42618537178e-13,2.01132444033e-11,0.0,-5.0753238727e-14,-2.02532114092e-13,-2.84205992074e-12,-3.97128335342e-14,7.14392061745e-14,0.0,6.00611522483e-14,4.57510766271e-14,4.22974833812e-14,0.0,-3.97128335342e-14,7.14392061745e-14,0.0,6.00611522483e-14,4.57510766271e-14,4.22974833812e-14,0.0
0.00985264778137,1.25150222379,1.32925351089,1.13189052637,0.0,0.0,0.555455884156,-0.103951872807,-0.155285364465,0.412202161329,0.0434449100151,0.194224972986,0.148878747032,-1.9276580332e-11,0.0,-1.19209269926e-13,-5.02969306061e-14,1.11100687029,-0.458340236746,-0.826566669193,0.336999853464,0.799051384581,-0.213507782699,1.96833377316,0.273551182104,-0.535147739126,0.382842805199,-0.0417230003134,-8.58690896166e-12,0.0,-2.42172042135e-13,2.01132444033e-11,0.0,-5.0753238727e-14,-2.0240454408e-13,-2.84183787613e-12,-3.97262994627e-14,7.12150393699e-14,0.0,5.96693599064e-14,4.5915613648e-14,4.26357720024e-14,0.0,-3.97262994627e-14,7.12150393699e-14,0.0,5.96693599064e-14,4.5915613648e-14,4.26357720024e-14,0.0
0.00997304916382,1.25165070018,1.32921781665,1.13187154443,0.0,0.0,0.556684204045,-0.10318269643,-0.156211185104,0.414504458541,0.0438952210954,0.194477188329,0.148411454576,-1.92759141981e-11,0.0,-1.18507634858e-13,-5.08121171942e-14,1.11454107126,-0.471105906724,-0.828392316832,0.336649084711,0.787324406274,-0.216421319296,1.95805394494,0.273548132536,-0.5114101335,0.388939632051,-0.0400525637007,-8.58796367353e-12,0.0,-2.41804051715e-13,2.0108359422e-11,0.0,-5.05569771696e-14,-2.02247534834e-13,-2.84222645419e-12,-3.96559049178e-14,7.1386812557e-14,0.0,5.94194838712e-14,4.56786700848e-14,4.270157699e-14,0.0,-3.96559049178e-14,7.1386812557e-14,0.0,5.94194838712e-14,4.56786700848e-14,4.270157699e-14,0.0
0.0100357532501,1.25184477791,1.3291539266,1.13186544092,0.0,0.0,0.556658804322,-0.10236351352,-0.156067274156,0.418456435704,0.0448550180067,0.194483943818,0.148087084413,-1.92756921535e-11,0.0,-1.18110205204e-13,-5.09593133622e-14,1.11292686021,-0.482260778094,-0.830573986283,0.33575640456,0.775396653218,-0.212380578685,1.94916799201,0.274163340027,-0.521295365545,0.385233960012,-0.0337996553883,-8.58807469584e-12,0.0,-2.41867836721e-13,2.01096916896e-11,0.0,-5.06354817926e-14,-2.02321132918e-13,-2.84217094304e-12,-3.99604833459e-14,7.09682811259e-14,0.0,5.90525120395e-14,4.53810156478e-14,4.25170129228e-14,0.0,-3.99604833459e-14,7.09682811259e-14,0.0,5.90525120395e-14,4.53810156478e-14,4.25170129228e-14,0.0
0.00997161865234,1.25200699873,1.32908016784,1.13187966211,0.0,0.0,0.556723072672,-0.102148499914,-0.156777375627,0.422528921317,0.0454570742582,0.194533426623,0.147848484897,-1.92754701089e-11,0.0,-1.18389877924e-13,-5.05913229422e-14,1.11281220453,-0.49527306565,-0.840662241984,0.33509713412,0.763432073428,-0.202271126846,1.95031125207,0.274249924348,-0.518255715692,0.3796921799,-0.0336221121196,-8.58824122929e-12,0.0,-2.42309425225e-13,2.01105798681e-11,0.0,-5.0753238727e-14,-2.02110151744e-13,-2.84205992074e-12,-3.99952693995e-14,7.13082640107e-14,0.0,5.93924968865e-14,4.54264981789e-14,4.22644261766e-14,0.0,-3.99952693995e-14,7.13082640107e-14,0.0,5.93924968865e-14,4.54264981789e-14,4.22644261766e-14,0.0
0.01003241539,1.25222044931,1.32895907382,1.13192189844,0.0,0.0,0.556356291101,-0.102610201478,-0.157700632893,0.427827561672,0.0456526879082,0.194454293044,0.147288539888,-1.92754701089e-11,0.0,-1.18384971385e-13,-5.06256687147e-14,1.11341789118,-0.508320269953,-0.842373663957,0.334969720789,0.749439130772,-0.202686696787,1.94511392814,0.2742448389,-0.500159850446,0.383568506171,-0.0291243583028,-8.58824122929e-12,0.0,-2.42142602902e-13,2.01101357789e-11,0.0,-5.0753238727e-14,-2.02600805637e-13,-2.84205992074e-12,-3.99913513132e-14,7.15733185366e-14,0.0,5.96283102563e-14,4.54267858416e-14,4.22461294345e-14,0.0,-3.99913513132e-14,7.15733185366e-14,0.0,5.96283102563e-14,4.54267858416e-14,4.22461294345e-14,0.0
0.00990319252014,1.25250045763,1.32885067712,1.13189559228,0.0,0.0,0.559419875664,-0.102599971022,-0.158206083127,0.429377791672,0.046477766572,0.194431030371,0.146763521586,-1.92739157967e-11,0.0,-1.18291747145e-13,-5.06698275651e-14,1.11066929075,-0.518232366092,-0.841882447985,0.334577860248,0.738308500034,-0.20131968397,1.9374685511,0.274515287968,-0.495624816775,0.36107201801,-0.023946198415,-8.58874082965e-12,0.0,-2.42049378662e-13,2.01063610206e-11,0.0,-5.0674734104e-14,-2.02978609135e-13,-2.84205992074e-12,-4.00261827537e-14,7.17286032235e-14,0.0,5.94881715774e-14,4.56346153477e-14,4.23869912499e-14,0.0,-4.00261827537e-14,7.17286032235e-14,0.0,5.94881715774e-14,4.56346153477e-14,4.23869912499e-14,0.0
0.0100562572479,1.25272514299,1.32879493752,1.13189058741,0.0,0.0,0.562351084551,-0.101073523124,-0.159170158144,0.430969953698,0.0470195430497,0.194576653412,0.146294969392,-1.92739157967e-11,0.0,-1.18272120989e-13,-5.12438926203e-14,1.10612982699,-0.527049692003,-0.837198690818,0.333994145089,0.72942894779,-0.203541734124,1.92664268996,0.275108096613,-0.475843716397,0.35822408218,-0.0204159791604,-8.58901838541e-12,0.0,-2.41838397488e-13,2.01023642177e-11,0.0,-5.11850141531e-14,-2.02939356824e-13,-2.84211543189e-12,-4.00599966294e-14,7.16749312174e-14,0.0,5.9434518316e-14,4.58088527694e-14,4.23031883839e-14,0.0,-4.00599966294e-14,7.16749312174e-14,0.0,5.9434518316e-14,4.58088527694e-14,4.23031883839e-14,0.0
0.0100002288818,1.25293749149,1.32871367691,1.13189595849,0.0,0.0,0.564531230392,-0.100181782341,-0.161565606629,0.435308873907,0.0469396756134,0.194870710398,0.145902396047,-1.92739157967e-11,0.0,-1.18522354475e-13,-5.11016029912e-14,1.0988942446,-0.540397531221,-0.841996385539,0.333626328223,0.718133579045,-0.193026909729,1.92932474226,0.275230241629,-0.461638489499,0.353951208521,-0.0164255433214,-8.58979554152e-12,0.0,-2.41225080121e-13,2.00992555932e-11,0.0,-5.11065095302e-14,-2.02821599889e-13,-2.84228196534e-12,-4.00853410891e-14,7.10466845776e-14,0.0,5.94280316025e-14,4.5699745596e-14,4.2177106439e-14,0.0,-4.00853410891e-14,7.10466845776e-14,0.0,5.94280316025e-14,4.5699745596e-14,4.2177106439e-14,0.0
0.0100078582764,1.25311901246,1.32880969309,1.13193337304,0.0,0.0,0.56391542344,-0.100464874474,-0.162959115322,0.441813470437,0.0472165431053,0.195001618659,0.145926793185,-1.92721394399e-11,0.0,-1.18080765971e-13,-5.05128183192e-14,1.09636383746,-0.549128969542,-0.83959141334,0.333058851296,0.70837290244,-0.19538135133,1.92218486847,0.27547856529,-0.44753644346,0.344971199468,-0.0139974814291,-8.58968451922e-12,0.0,-2.41180921271e-13,2.00990335486e-11,0.0,-5.09887525958e-14,-2.02537020631e-13,-2.84233747649e-12,-4.0078417726e-14,7.10466837587e-14,0.0,5.9427999712e-14,4.57045874254e-14,4.27850992251e-14,0.0,-4.0078417726e-14,7.10466837587e-14,0.0,5.9427999712e-14,4.57045874254e-14,4.27850992251e-14,0.0
0.00998377799988,1.25333714163,1.32879350697,1.13203591211,0.0,0.0,0.567995695814,-0.101464253844,-0.164345939048,0.444396979073,0.0471688590304,0.194868673817,0.146489320376,-1.92719173953e-11,0.0,-1.17786373635e-13,-5.00025382701e-14,1.09424891385,-0.558427051581,-0.84741974595,0.332727128198,0.698513016262,-0.188688292782,1.92071339394,0.275660244963,-0.439150860926,0.33890109423,-0.00989698441109,-8.59023963073e-12,0.0,-2.41391902445e-13,2.00970351472e-11,0.0,-5.11850141531e-14,-2.02438889853e-13,-2.84205992074e-12,-4.00410243529e-14,7.12779044027e-14,0.0,5.95123306998e-14,4.57068463714e-14,4.27681535881e-14,0.0,-4.00410243529e-14,7.12779044027e-14,0.0,5.95123306998e-14,4.57068463714e-14,4.27681535881e-14,0.0
0.0101063251495,1.25364546846,1.32870929079,1.13217403466,0.0,0.0,0.570291043762,-0.103007968873,-0.16534510501,0.448934792741,0.0472473100087,0.194666085611,0.146834902186,-1.9270363083e-11,0.0,-1.17781467096e-13,-4.9791557096e-14,1.09393646673,-0.56498280982,-0.845599734673,0.33268638629,0.690104240526,-0.192877247471,1.90889670753,0.275772205728,-0.4335101084,0.336252173941,-0.0101576910996,-8.59068371994e-12,0.0,-2.41195640887e-13,2.00974792364e-11,0.0,-5.1342023399e-14,-2.02620431793e-13,-2.84167134268e-12,-4.00674567183e-14,7.18317132144e-14,0.0,5.91380957021e-14,4.53846494363e-14,4.26542020206e-14,0.0,-4.00674567183e-14,7.18317132144e-14,0.0,5.91380957021e-14,4.53846494363e-14,4.26542020206e-14,0.0
0.00993609428406,1.25399772122,1.32854425534,1.13231624658,0.0,0.0,0.570213446396,-0.105312946991,-0.167105656354,0.455580466293,0.0473928090132,0.194527600804,0.14652604305,-1.92696969492e-11,0.0,-1.17663710162e-13,-4.95413236104e-14,1.08931804996,-0.572567076963,-0.845302640852,0.332453869078,0.682918150869,-0.191694323539,1.91005294863,0.276270498434,-0.432044696609,0.334257034847,-0.00764561668077,-8.59101678685e-12,0.0,-2.41794238637e-13,2.00996996824e-11,0.0,-5.11457618416e-14,-2.0259099256e-13,-2.84178236498e-12,-4.00667418256e-14,7.24597669027e-14,0.0,5.92462446357e-14,4.56061417834e-14,4.27085950465e-14,0.0,-4.00667418256e-14,7.24597669027e-14,0.0,5.92462446357e-14,4.56061417834e-14,4.27085950465e-14,0.0
0.00998497009277,1.25428347229,1.32842812614,1.13240407617,0.0,0.0,0.572732961246,-0.106476780586,-0.168962842333,0.457957613887,0.0476903308295,0.194642909163,0.146347098929,-1.92674765032e-11,0.0,-1.17359504748e-13,-4.93401555141e-14,1.08555854364,-0.580061145967,-0.847679067366,0.332392469322,0.676808646587,-0.187044662015,1.91189914124,0.276303414568,-0.41847751368,0.333143397486,-0.00877460744076,-8.59240456563e-12,0.0,-2.41357556672e-13,2.0097701281e-11,0.0,-5.13027710875e-14,-2.02797067195e-13,-2.84156032038e-12,-4.00961897856e-14,7.27280933159e-14,0.0,5.90654323326e-14,4.55924453728e-14,4.29173441817e-14,0.0,-4.00961897856e-14,7.27280933159e-14,0.0,5.90654323326e-14,4.55924453728e-14,4.29173441817e-14,0.0
0.00998282432556,1.25475537722,1.32779737611,1.13280062158,0.0,0.0,0.578566812375,-0.109719261304,-0.173046506916,0.460395804578,0.0474278602372,0.194131511267,0.146072516857,-1.92676985478e-11,0.0,-1.16549925824e-13,-4.88789408544e-14,1.0797082619,-0.589516972501,-0.855675219759,0.331992901813,0.671052160773,-0.178762136408,1.91228840055,0.276685244686,-0.412909071547,0.322828485277,-0.00457201045631,-8.59234905448e-12,0.0,-2.40695173916e-13,2.0097701281e-11,0.0,-5.16560418907e-14,-2.02733282189e-13,-2.84161583153e-12,-4.00803711585e-14,7.33234459943e-14,0.0,5.89992064923e-14,4.5850348844e-14,4.30431602064e-14,0.0,-4.00803711585e-14,7.33234459943e-14,0.0,5.89992064923e-14,4.5850348844e-14,4.30431602064e-14,0.0
0.0100169181824,1.25508729049,1.32782790878,1.13280214746,0.0,0.0,0.580386402417,-0.110002292308,-0.174659150729,0.463366603873,0.0476753193229,0.194574597447,0.14563747006,-1.92683646816e-11,0.0,-1.17325158975e-13,-4.92910901248e-14,1.07506939066,-0.595465840789,-0.846952348433,0.332343655394,0.663809876821,-0.183209091904,1.90436180657,0.276480097825,-0.405631230022,0.314571626428,-0.0043432867443,-8.5933482552e-12,0.0,-2.40601949676e-13,2.01012539947e-11,0.0,-5.16560418907e-14,-2.02556646787e-13,-2.84156032038e-12,-4.01018444292e-14,7.36891621304e-14,0.0,5.89813668442e-14,4.5694083939e-14,4.30492522347e-14,0.0,-4.01018444292e-14,7.36891621304e-14,0.0,5.89813668442e-14,4.5694083939e-14,4.30492522347e-14,0.0
0.0100033283234,1.25532561331,1.32804715411,1.13286708886,0.0,0.0,0.57916216461,-0.110810997388,-0.17557195617,0.469794901953,0.0476004315771,0.194471177363,0.145747164861,-1.92668103693e-11,0.0,-1.17187775885e-13,-4.89525389384e-14,1.0712974854,-0.600523436507,-0.844785118393,0.332409168051,0.658815351083,-0.184247098021,1.90753628583,0.27682656269,-0.397569759145,0.315651631692,-0.00398971850552,-8.59390336672e-12,0.0,-2.41028818564e-13,2.0099921727e-11,0.0,-5.19700603824e-14,-2.02522301014e-13,-2.84189338728e-12,-4.04493656069e-14,7.35578074992e-14,0.0,5.85477640378e-14,4.55240237458e-14,4.29149255296e-14,0.0,-4.04493656069e-14,7.35578074992e-14,0.0,5.85477640378e-14,4.55240237458e-14,4.29149255296e-14,0.0
0.00999045372009,1.25566505894,1.32834479124,1.13286977442,0.0,0.0,0.583560938238,-0.109465729622,-0.175957035603,0.470746148982,0.0476949240747,0.194591274149,0.14600302901,-1.92650340125e-11,0.0,-1.16976794711e-13,-4.88740343155e-14,1.06417690647,-0.603950476955,-0.838576168623,0.332648681633,0.653927702348,-0.183650777119,1.90493179506,0.276549000196,-0.394271114963,0.304396378134,-0.00342669050765,-8.59423643362e-12,0.0,-2.4109260357e-13,2.00996996824e-11,0.0,-5.20878173168e-14,-2.02694029877e-13,-2.84194889844e-12,-4.04822497553e-14,7.35588276886e-14,0.0,5.81985077192e-14,4.54758302455e-14,4.32874751038e-14,0.0,-4.04822497553e-14,7.35588276886e-14,0.0,5.81985077192e-14,4.54758302455e-14,4.32874751038e-14,0.0
0.0126795768738,1.25600567501,1.32873092496,1.13285787256,0.0,0.0,0.585380324684,-0.10798114926,-0.176557915698,0.473586652859,0.0479021970067,0.194676119067,0.145917134459,-1.92630356111e-11,0.0,-1.17197588963e-13,-4.88544081597e-14,1.05256620495,-0.608596530242,-0.83964482662,0.332017610487,0.65145222574,-0.172890336221,1.90976933449,0.277185797656,-0.391078392649,0.304095359217,-0.00409341032963,-8.59479154514e-12,0.0,-2.41180921271e-13,2.00983674148e-11,0.0,-5.22448265627e-14,-2.0286575874e-13,-2.84217094304e-12,-4.05054837679e-14,7.356435153e-14,0.0,5.83152389108e-14,4.53146206939e-14,4.31358699507e-14,0.0,-4.05054837679e-14,7.356435153e-14,0.0,5.83152389108e-14,4.53146206939e-14,4.31358699507e-14,0.0
0.00728559494019,1.256430547,1.32888516955,1.13283950098,0.0,0.0,0.591710185076,-0.106301331018,-0.177403932787,0.471354341441,0.0479688712858,0.194748563698,0.145913979058,-1.92612592542e-11,0.0,-1.17570485922e-13,-4.90261370224e-14,1.04887372749,-0.610872787165,-0.830585624248,0.332331787466,0.647166900355,-0.179573611522,1.90871661018,0.276909062635,-0.3763787498,0.29805051525,-0.000542668265725,-8.59445847823e-12,0.0,-2.41529285535e-13,2.00952587903e-11,0.0,-5.23625834971e-14,-2.03135618381e-13,-2.84222645419e-12,-4.04967060555e-14,7.36370512155e-14,0.0,5.84054118476e-14,4.50907371187e-14,4.37867522049e-14,0.0,-4.04967060555e-14,7.36370512155e-14,0.0,5.84054118476e-14,4.50907371187e-14,4.37867522049e-14,0.0
0.010071516037,1.25679095214,1.32910170971,1.132829125,0.0,0.0,0.592300074909,-0.106661937063,-0.178324970097,0.474426598613,0.0478501576197,0.194766016302,0.14592203798,-1.9260815165e-11,0.0,-1.1734969167e-13,-4.90310435613e-14,1.04419956932,-0.615542614147,-0.830911770023,0.332403698149,0.643287358205,-0.175130520493,1.91346546638,0.276943765977,-0.369241885732,0.296195320579,-0.00161896249166,-8.59468052283e-12,0.0,-2.4063138891e-13,2.00963690133e-11,0.0,-5.26766019888e-14,-2.03361319172e-13,-2.84205992074e-12,-4.05038712203e-14,7.42653721821e-14,0.0,5.84537280946e-14,4.50878982251e-14,4.38158289933e-14,0.0,-4.05038712203e-14,7.42653721821e-14,0.0,5.84537280946e-14,4.50878982251e-14,4.38158289933e-14,0.0
0.0100004673004,1.25712072519,1.32936207781,1.13288680322,0.0,0.0,0.589402308716,-0.108384867803,-0.178749139691,0.480852829913,0.0479329074959,0.194717792286,0.146019311362,-1.9261925388e-11,0.0,-1.17325158975e-13,-4.90261370224e-14,1.04206865288,-0.616640958908,-0.823179311059,0.332626043532,0.641502949349,-0.180426861043,1.91309730006,0.277216151725,-0.372150518929,0.287063728892,-0.000604504214865,-8.59534665665e-12,0.0,-2.40057323855e-13,2.00950367457e-11,0.0,-5.25980973659e-14,-2.03827440371e-13,-2.84183787613e-12,-4.01908848719e-14,7.45011938189e-14,0.0,5.85643228304e-14,4.50929464067e-14,4.37794667156e-14,0.0,-4.01908848719e-14,7.45011938189e-14,0.0,5.85643228304e-14,4.50929464067e-14,4.37794667156e-14,0.0
0.00995516777039,1.2575278831,1.32955463407,1.13290090234,0.0,0.0,0.591080663829,-0.109255956298,-0.179804909417,0.481957164369,0.0479726948367,0.194686916229,0.145927990297,-1.92592608528e-11,0.0,-1.17202495502e-13,-4.93843143645e-14,1.03788019059,-0.621100678265,-0.825596954301,0.332559906785,0.637966937588,-0.173142495547,1.91470592316,0.277248429792,-0.369834323753,0.28678411946,-0.000495458128225,-8.59601279046e-12,0.0,-2.40175080789e-13,2.00885974522e-11,0.0,-5.27158543003e-14,-2.03640991891e-13,-2.84167134268e-12,-4.02312253069e-14,7.46578976083e-14,0.0,5.8370956171e-14,4.50710616695e-14,4.34580724952e-14,0.0,-4.02312253069e-14,7.46578976083e-14,0.0,5.8370956171e-14,4.50710616695e-14,4.34580724952e-14,0.0
0.00999975204468,1.25791523225,1.32969942609,1.1328537832,0.0,0.0,0.597369520217,-0.108318414839,-0.181322893463,0.478091200936,0.0478810751078,0.194773762552,0.145593147938,-1.92574844959e-11,0.0,-1.16785439692e-13,-4.94186601371e-14,1.03197417037,-0.623421561002,-0.821730440075,0.332581359926,0.637791019571,-0.171479771594,1.92048984737,0.277691804625,-0.363054775654,0.281492996546,-0.00180545885695,-8.59601279046e-12,0.0,-2.40047510777e-13,2.00877092738e-11,0.0,-5.3108377415e-14,-2.03685150742e-13,-2.84183787613e-12,-4.02231847258e-14,7.52859333986e-14,0.0,5.82585675262e-14,4.53520051332e-14,4.34534913142e-14,0.0,-4.02231847258e-14,7.52859333986e-14,0.0,5.82585675262e-14,4.53520051332e-14,4.34534913142e-14,0.0
0.0100507736206,1.25821553537,1.32997704179,1.13282759913,0.0,0.0,0.598175428193,-0.10852098207,-0.181853270758,0.479683794801,0.047949990946,0.194773230452,0.145511773963,-1.92552640499e-11,0.0,-1.16800159309e-13,-4.93156228195e-14,1.03018621021,-0.625695367212,-0.810625684495,0.333203494076,0.633819783352,-0.17843579053,1.91662966284,0.277058137105,-0.353100407172,0.280064241615,9.62782178492e-05,-8.59623483507e-12,0.0,-2.40140735017e-13,2.00879313184e-11,0.0,-5.31476297264e-14,-2.03336786477e-13,-2.84211543189e-12,-4.05411603374e-14,7.47882263509e-14,0.0,5.83633123991e-14,4.50373926655e-14,4.29921196918e-14,0.0,-4.05411603374e-14,7.47882263509e-14,0.0,5.83633123991e-14,4.50373926655e-14,4.29921196918e-14,0.0
0.00999045372009,1.25855193175,1.33012765995,1.13277419335,0.0,0.0,0.600599053282,-0.108255153589,-0.182355868565,0.479845998034,0.0481186359363,0.194784499668,0.145613526086,-1.92554860945e-11,0.0,-1.15926795379e-13,-4.91144547232e-14,1.02495035258,-0.628236210623,-0.813771699319,0.332946777295,0.631559668005,-0.170651926014,1.92717606472,0.277184169565,-0.352864489544,0.267109513748,0.000956492843935,-8.59545767895e-12,0.0,-2.40827650467e-13,2.00888194968e-11,0.0,-5.35794051526e-14,-2.03523234957e-13,-2.84217094304e-12,-4.05215034915e-14,7.49662908298e-14,0.0,5.83880338424e-14,4.51248147138e-14,4.26601808736e-14,0.0,-4.05215034915e-14,7.49662908298e-14,0.0,5.83880338424e-14,4.51248147138e-14,4.26601808736e-14,0.0
0.00996041297913,1.2589330928,1.33032737951,1.13267873437,0.0,0.0,0.601541716025,-0.108647144541,-0.182728086906,0.481401423337,0.0481431849359,0.194894600353,0.145765904253,-1.92557081391e-11,0.0,-1.15848290756e-13,-4.90850154896e-14,1.0232907398,-0.628877362853,-0.808056491053,0.332980875902,0.629216978488,-0.174620192803,1.92960976784,0.277207750952,-0.350507619543,0.26042545765,0.000273460029389,-8.59579074586e-12,0.0,-2.41264332432e-13,2.00888194968e-11,0.0,-5.35401528411e-14,-2.03650804969e-13,-2.84217094304e-12,-4.04477039682e-14,7.55999299166e-14,0.0,5.89570269268e-14,4.52149484921e-14,4.27736281183e-14,0.0,-4.04477039682e-14,7.55999299166e-14,0.0,5.89570269268e-14,4.52149484921e-14,4.27736281183e-14,0.0
0.0100002288818,1.25919708891,1.33053533675,1.13261129053,0.0,0.0,0.602734432005,-0.109018333819,-0.183679653818,0.482639931829,0.0480733628621,0.195020281307,0.145795221143,-1.92574844959e-11,0.0,-1.15789412289e-13,-4.89132866269e-14,1.02030335514,-0.630985109335,-0.803877978119,0.333183039507,0.627155041949,-0.175237390872,1.93577421139,0.276966624281,-0.337290003467,0.261913817616,8.80966904625e-05,-8.59656790198e-12,0.0,-2.41656855547e-13,2.00868210953e-11,0.0,-5.35794051526e-14,-2.03483982645e-13,-2.84205992074e-12,-4.11342150905e-14,7.50504194393e-14,0.0,5.82424566201e-14,4.47716438132e-14,4.23789575374e-14,0.0,-4.11342150905e-14,7.50504194393e-14,0.0,5.82424566201e-14,4.47716438132e-14,4.23789575374e-14,0.0
0.0100076198578,1.2593990332,1.33071990353,1.13255165918,0.0,0.0,0.60344926573,-0.109552810148,-0.18499130847,0.483556716449,0.0479201126636,0.195082453863,0.145747491666,-1.92588167636e-11,0.0,-1.15524459187e-13,-4.91095481843e-14,1.01789526159,-0.632713485606,-0.799920967803,0.333264238568,0.626402480374,-0.175696504089,1.93257973408,0.277202941537,-0.338113136886,0.260603398096,0.000914047604553,-8.59662341313e-12,0.0,-2.41637229391e-13,2.00897076752e-11,0.0,-5.3697162087e-14,-2.03076739914e-13,-2.84217094304e-12,-4.07959596289e-14,7.50271134648e-14,0.0,5.85377382539e-14,4.47094327155e-14,4.20873755801e-14,0.0,-4.07959596289e-14,7.50271134648e-14,0.0,5.85377382539e-14,4.47094327155e-14,4.20873755801e-14,0.0
0.0102646350861,1.25956864194,1.33092853451,1.13250930078,0.0,0.0,0.603940051718,-0.109456736795,-0.186011548113,0.484161372623,0.0479105967182,0.195216139741,0.145646008868,-1.92599269866e-11,0.0,-1.14690347568e-13,-4.93892209035e-14,1.0153239464,-0.635038313918,-0.802193260039,0.333215989793,0.623800099951,-0.171149570289,1.93708568928,0.277424664069,-0.338120558578,0.242961266072,0.00063497370168,-8.59667892428e-12,0.0,-2.41548911691e-13,2.0091484032e-11,0.0,-5.36579097755e-14,-2.02949169902e-13,-2.84233747649e-12,-4.08215878251e-14,7.5243830115e-14,0.0,5.87479179255e-14,4.49609102074e-14,4.22173034793e-14,0.0,-4.08215878251e-14,7.5243830115e-14,0.0,5.87479179255e-14,4.49609102074e-14,4.22173034793e-14,0.0
0.00972890853882,1.25974821585,1.33116170284,1.13245375879,0.0,0.0,0.604847173186,-0.109548083534,-0.186567245348,0.484582413713,0.047989887483,0.19538893258,0.145703691542,-1.92625915219e-11,0.0,-1.14788478347e-13,-4.99436598029e-14,1.01288416857,-0.633888034002,-0.796764265521,0.332960671645,0.623961284088,-0.174772616062,1.93613681864,0.278184512664,-0.335098204312,0.233191398088,0.00122047245017,-8.59662341313e-12,0.0,-2.40577416982e-13,2.0091484032e-11,0.0,-5.35401528411e-14,-2.02860852201e-13,-2.84222645419e-12,-4.114183021e-14,7.5207264305e-14,0.0,5.8457439095e-14,4.45728774621e-14,4.19840752864e-14,0.0,-4.114183021e-14,7.5207264305e-14,0.0,5.8457439095e-14,4.45728774621e-14,4.19840752864e-14,0.0
0.0100274085999,1.25992645142,1.33133479159,1.13242379053,0.0,0.0,0.605412445247,-0.109878787066,-0.187337617396,0.485210648614,0.0479265221817,0.195511881513,0.145828645752,-1.92637017449e-11,0.0,-1.15097590299e-13,-5.01497344381e-14,1.01188450626,-0.635316112129,-0.795960962536,0.33317422479,0.621721931541,-0.173673389711,1.93960282543,0.277918100258,-0.314347123223,0.221797939382,0.00113662858835,-8.59667892428e-12,0.0,-2.41205453965e-13,2.00939265227e-11,0.0,-5.35401528411e-14,-2.02694029877e-13,-2.84222645419e-12,-4.10993526995e-14,7.52074281285e-14,0.0,5.91117179715e-14,4.44794988028e-14,4.21044878464e-14,0.0,-4.10993526995e-14,7.52074281285e-14,0.0,5.91117179715e-14,4.44794988028e-14,4.21044878464e-14,0.0
0.00993943214417,1.26011964659,1.33150901111,1.13241256006,0.0,0.0,0.607233174224,-0.109415638206,-0.188171131377,0.484500447578,0.0479347360659,0.19563691563,0.145775688885,-1.92645899233e-11,0.0,-1.15254599545e-13,-4.99730990365e-14,1.00974442338,-0.638089795226,-0.796486805808,0.333496155518,0.618167821155,-0.170025225464,1.94522634134,0.277266620129,-0.312488101984,0.222415079714,0.000957301048596,-8.59667892428e-12,0.0,-2.41014098947e-13,2.00921501659e-11,0.0,-5.35401528411e-14,-2.02566459865e-13,-2.84233747649e-12,-4.12580463544e-14,7.51273908521e-14,0.0,5.91256252391e-14,4.41271300758e-14,4.17436373998e-14,0.0,-4.12580463544e-14,7.51273908521e-14,0.0,5.91256252391e-14,4.41271300758e-14,4.17436373998e-14,0.0
0.0100412368774,1.26025709327,1.3317641391,1.13238295801,0.0,0.0,0.605607924049,-0.109828631353,-0.188398609666,0.487114366577,0.0479767428866,0.195769085637,0.145697813887,-1.92634797003e-11,0.0,-1.15215347234e-13,-5.00614167373e-14,1.0079460208,-0.63844562496,-0.792499586993,0.333644755013,0.61699121388,-0.171337834612,1.9427188796,0.277136249136,-0.320488674868,0.229484474822,0.00174311952034,-8.59667892428e-12,0.0,-2.4026339849e-13,2.00919281212e-11,0.0,-5.35009005296e-14,-2.0244870293e-13,-2.84239298765e-12,-4.09097411997e-14,7.52077294402e-14,0.0,5.93522524359e-14,4.40655017742e-14,4.20104665896e-14,0.0,-4.09097411997e-14,7.52077294402e-14,0.0,5.93522524359e-14,4.40655017742e-14,4.20104665896e-14,0.0
0.00999236106873,1.26040542611,1.33198971502,1.13238118799,0.0,0.0,0.604725961763,-0.109825591788,-0.188613996372,0.48906159719,0.047916630444,0.195866871552,0.145568645952,-1.92648119679e-11,0.0,-1.15367449941e-13,-5.07630518048e-14,1.00524220032,-0.63896502234,-0.791759415694,0.333788405896,0.616144349389,-0.16970981359,1.94696975682,0.277085766183,-0.31949117431,0.224737105636,0.00299509998103,-8.59667892428e-12,0.0,-2.40567603904e-13,2.00883754076e-11,0.0,-5.34223959067e-14,-2.02100338666e-13,-2.84228196534e-12,-4.09178680918e-14,7.5431597443e-14,0.0,5.91087880392e-14,4.46149587037e-14,4.17634022092e-14,0.0,-4.09178680918e-14,7.5431597443e-14,0.0,5.91087880392e-14,4.46149587037e-14,4.17634022092e-14,0.0
0.0099823474884,1.26060556078,1.33210435339,1.13239052637,0.0,0.0,0.607648031281,-0.108799382918,-0.189003469674,0.487087440661,0.0479587734191,0.1959720761,0.14537731835,-1.92641458341e-11,0.0,-1.15573524576e-13,-5.06502014094e-14,1.0023170909,-0.639393389693,-0.789516066365,0.33396828244,0.614403703666,-0.168374093705,1.94940113324,0.277004953261,-0.306825269737,0.206713728134,0.00401602873993,-8.59667892428e-12,0.0,-2.40327183496e-13,2.0090373809e-11,0.0,-5.35009005296e-14,-2.01962955576e-13,-2.84233747649e-12,-4.05908805883e-14,7.54603778675e-14,0.0,5.92313631812e-14,4.47333859841e-14,4.19997447331e-14,0.0,-4.05908805883e-14,7.54603778675e-14,0.0,5.92313631812e-14,4.47333859841e-14,4.19997447331e-14,0.0
0.0100021362305,1.26080557293,1.33219462748,1.13241158349,0.0,0.0,0.610262009163,-0.108067979977,-0.189398221041,0.485002527852,0.047986498312,0.196060432761,0.14526683405,-1.92639237895e-11,0.0,-1.15171188383e-13,-5.02282390611e-14,1.00071674006,-0.638874617329,-0.787412255664,0.334011689162,0.613666174958,-0.168362156097,1.95189304058,0.277246044148,-0.308150641413,0.204449570268,0.00457300075173,-8.59617932392e-12,0.0,-2.4021923964e-13,2.00890415414e-11,0.0,-5.36579097755e-14,-2.01781413636e-13,-2.8424484988e-12,-4.02488226376e-14,7.50581540985e-14,0.0,5.97693940744e-14,4.46431695438e-14,4.2502879464e-14,0.0,-4.02488226376e-14,7.50581540985e-14,0.0,5.97693940744e-14,4.46431695438e-14,4.2502879464e-14,0.0
0.010005235672,1.26104948799,1.33226339166,1.13241310937,0.0,0.0,0.614203825018,-0.107715139772,-0.190244005672,0.481540467721,0.0478846381902,0.196137469771,0.145254404847,-1.92634797003e-11,0.0,-1.14317450609e-13,-5.00663232763e-14,1.00065128692,-0.638535396633,-0.785496967039,0.334082420031,0.612304765138,-0.169675599483,1.95273472147,0.277395397768,-0.308094723814,0.206240555588,0.00406491727023,-8.59595727931e-12,0.0,-2.39767838058e-13,2.00870431399e-11,0.0,-5.35009005296e-14,-2.01707815552e-13,-2.84233747649e-12,-4.02623832379e-14,7.50504497383e-14,0.0,6.04486016436e-14,4.43930029088e-14,4.25494267198e-14,0.0,-4.02623832379e-14,7.50504497383e-14,0.0,6.04486016436e-14,4.43930029088e-14,4.25494267198e-14,0.0
0.0100085735321,1.26107859162,1.33255135378,1.13243056543,0.0,0.0,0.610111587961,-0.108763880863,-0.190456552044,0.486155091294,0.0478900638912,0.196251246557,0.145108951047,-1.92639237895e-11,0.0,-1.14518618705e-13,-5.00074448091e-14,0.999467329907,-0.638526356782,-0.784577071561,0.334181198992,0.611697218157,-0.168875900223,1.94944555675,0.277505542341,-0.322656252907,0.219153521715,0.00328785661983,-8.59579074586e-12,0.0,-2.3998863231e-13,2.0083046337e-11,0.0,-5.32653866608e-14,-2.01447768988e-13,-2.8424484988e-12,-4.02964781393e-14,7.52046689608e-14,0.0,6.07555261095e-14,4.44298874753e-14,4.23734887986e-14,0.0,-4.02964781393e-14,7.52046689608e-14,0.0,6.07555261095e-14,4.44298874753e-14,4.23734887986e-14,0.0
0.00998520851135,1.26118558624,1.33270830653,1.13243032128,0.0,0.0,0.610677684655,-0.108870330499,-0.191148028818,0.486047624453,0.0478154799258,0.1963250234,0.145139086824,-1.92643678787e-11,0.0,-1.14552964478e-13,-5.00221644259e-14,0.999239896987,-0.638312833646,-0.78450170042,0.334275211997,0.611203759951,-0.169437670983,1.94764778972,0.277539414061,-0.323265264355,0.222084443268,0.0029319114016,-8.59690096888e-12,0.0,-2.40096576166e-13,2.0083046337e-11,0.0,-5.31476297264e-14,-2.01173002808e-13,-2.84239298765e-12,-4.03038751142e-14,7.55475024703e-14,0.0,6.05689627308e-14,4.42438742762e-14,4.21535398645e-14,0.0,-4.03038751142e-14,7.55475024703e-14,0.0,6.05689627308e-14,4.42438742762e-14,4.21535398645e-14,0.0
0.00993680953979,1.261271154,1.33284667828,1.13243050439,0.0,0.0,0.610777037727,-0.10905610799,-0.192160414326,0.486309910242,0.0477171955547,0.196458445539,0.145271962982,-1.92648119679e-11,0.0,-1.15823758062e-13,-5.03950613848e-14,0.999994253962,-0.637497937322,-0.786581700459,0.334264354817,0.611698826221,-0.170927822865,1.94981842876,0.277699532169,-0.322036805526,0.226741631369,0.00326475208465,-8.59823323651e-12,0.0,-2.40327183496e-13,2.00826022478e-11,0.0,-5.32261343494e-14,-2.01305479359e-13,-2.8425595211e-12,-3.99961785197e-14,7.58420073649e-14,0.0,6.04688570474e-14,4.43215554739e-14,4.216378236e-14,0.0,-3.99961785197e-14,7.58420073649e-14,0.0,6.04688570474e-14,4.43215554739e-14,4.216378236e-14,0.0
0.0101504325867,1.26138621054,1.33294966252,1.13241860254,0.0,0.0,0.612086752888,-0.109258158187,-0.192631389789,0.48525498494,0.04769006969,0.196452262547,0.145378773587,-1.92645899233e-11,0.0,-1.15607870348e-13,-5.07826779606e-14,1.00043662647,-0.637006470255,-0.788118687085,0.334320090345,0.611507837423,-0.171369193414,1.95092250612,0.277658269509,-0.319579557783,0.228821382488,0.00365168612234,-8.59856630342e-12,0.0,-2.40101482705e-13,2.00817140694e-11,0.0,-5.31868820379e-14,-2.01433049371e-13,-2.84289258801e-12,-3.99766444255e-14,7.58354913076e-14,0.0,6.04488433713e-14,4.45683640425e-14,4.2398677034e-14,0.0,-3.99766444255e-14,7.58354913076e-14,0.0,6.04488433713e-14,4.45683640425e-14,4.2398677034e-14,0.0
0.00991892814636,1.26139660644,1.33314980298,1.13242049463,0.0,0.0,0.61023495885,-0.109385963191,-0.193106726302,0.487220328466,0.0476905268114,0.196555786944,0.145470025724,-1.92641458341e-11,0.0,-1.1560296381e-13,-5.060113602e-14,0.999974878964,-0.637365546174,-0.789788897459,0.334331824185,0.610867429246,-0.169667966617,1.951306106,0.27745793486,-0.320003873002,0.227762114452,0.0039673133642,-8.59934345954e-12,0.0,-2.40582323521e-13,2.00832683817e-11,0.0,-5.31868820379e-14,-2.0134473167e-13,-2.84283707686e-12,-4.03177081454e-14,7.52046689426e-14,0.0,6.04415084164e-14,4.44232113852e-14,4.20619549264e-14,0.0,-4.03177081454e-14,7.52046689426e-14,0.0,6.04415084164e-14,4.44232113852e-14,4.20619549264e-14,0.0
0.0099937915802,1.26147309858,1.33325376262,1.13242867333,0.0,0.0,0.610443342463,-0.109631369556,-0.193526231219,0.486711263825,0.0476637528702,0.196552304072,0.145547187187,-1.92648119679e-11,0.0,-1.15715814205e-13,-5.05815098643e-14,1.00085435249,-0.636978026755,-0.791550840311,0.334373942223,0.61082786422,-0.169545587271,1.95010221342,0.277464607181,-0.319778267486,0.225574553355,0.00380836401307,-8.5999540822e-12,0.0,-2.4081783739e-13,2.00834904263e-11,0.0,-5.33438912838e-14,-2.01491927838e-13,-2.84283707686e-12,-4.06654856505e-14,7.48032418457e-14,0.0,6.02543309242e-14,4.40450381131e-14,4.18306379989e-14,0.0,-4.06654856505e-14,7.48032418457e-14,0.0,6.02543309242e-14,4.40450381131e-14,4.18306379989e-14,0.0
0.0101370811462,1.26150181899,1.33341017506,1.13243264062,0.0,0.0,0.609220713621,-0.110052372301,-0.1938642513,0.487899176239,0.0476413746801,0.196562854034,0.145593873955,-1.92632576557e-11,0.0,-1.15652029199e-13,-5.04048744627e-14,1.00093610064,-0.636592607152,-0.790997923209,0.33448060287,0.61096354194,-0.170380091257,1.9478471115,0.277415942476,-0.31328576916,0.214167738227,0.00327641202518,-8.60028714911e-12,0.0,-2.40641201988e-13,2.00821581586e-11,0.0,-5.36579097755e-14,-2.01874637875e-13,-2.84289258801e-12,-4.03218852315e-14,7.45005349441e-14,0.0,6.02907338721e-14,4.43013189925e-14,4.22639148434e-14,0.0,-4.03218852315e-14,7.45005349441e-14,0.0,6.02907338721e-14,4.43013189925e-14,4.22639148434e-14,0.0
0.0098397731781,1.26154275329,1.33360142992,1.1324294668,0.0,0.0,0.607042201174,-0.110476538737,-0.19367855808,0.489583666579,0.047705573409,0.196555929527,0.145599526802,-1.92648119679e-11,0.0,-1.1532329109e-13,-5.08023041163e-14,1.00083494944,-0.636072749201,-0.791317699984,0.334490021374,0.611073770386,-0.169549633971,1.94731087628,0.277468943033,-0.322490880629,0.221475572645,0.00282819416417,-8.60062021601e-12,0.0,-2.41401715523e-13,2.00803818018e-11,0.0,-5.37756667099e-14,-2.0226716099e-13,-2.8427815657e-12,-4.03439552332e-14,7.45008857887e-14,0.0,6.02390975821e-14,4.41576405917e-14,4.19791564771e-14,0.0,-4.03439552332e-14,7.45008857887e-14,0.0,6.02390975821e-14,4.41576405917e-14,4.19791564771e-14,0.0
0.0100066661835,1.26160601044,1.33378166029,1.13242476709,0.0,0.0,0.606216784207,-0.110448953839,-0.19388132826,0.490041447416,0.0476930482207,0.196595900822,0.14557420104,-1.92648119679e-11,0.0,-1.1601511308e-13,-5.01987998275e-14,1.00042255146,-0.635738952469,-0.789971950509,0.3345454019,0.611009393216,-0.169798892933,1.94742541139,0.277482283023,-0.324722327751,0.221020984264,0.00199763492972,-8.60123083868e-12,0.0,-2.41612696697e-13,2.00788274896e-11,0.0,-5.36186574641e-14,-2.02620431793e-13,-2.84294809916e-12,-4.03337859004e-14,7.42767196617e-14,0.0,6.04756473453e-14,4.45199264908e-14,4.22984714607e-14,0.0,-4.03337859004e-14,7.42767196617e-14,0.0,6.04756473453e-14,4.45199264908e-14,4.22984714607e-14,0.0
0.00999546051025,1.26164412657,1.33394492515,1.1324284292,0.0,0.0,0.605568261894,-0.111962393523,-0.194824769695,0.490482686256,0.0473959005781,0.196546931061,0.145826385605,-1.92661442355e-11,0.0,-1.15990580385e-13,-5.0532444475e-14,1.00286002567,-0.635959869038,-0.790838743469,0.334600311877,0.610527546403,-0.170870034375,1.9487865836,0.277505022727,-0.326169472209,0.212985172592,0.00139968507863,-8.60167492789e-12,0.0,-2.41264332432e-13,2.00799377126e-11,0.0,-5.36579097755e-14,-2.0236038523e-13,-2.84300361031e-12,-4.03255953013e-14,7.38989604909e-14,0.0,6.06550946797e-14,4.45784852268e-14,4.22075093757e-14,0.0,-4.03255953013e-14,7.38989604909e-14,0.0,6.06550946797e-14,4.45784852268e-14,4.22075093757e-14,0.0
0.0099892616272,1.26182884116,1.33396916049,1.13241945703,0.0,0.0,0.610049228369,-0.111407162514,-0.195547537284,0.485480121404,0.0473023356455,0.196513788286,0.14596903054,-1.92679205924e-11,0.0,-1.15804131906e-13,-5.02037063664e-14,1.00351088034,-0.635715290781,-0.790022610182,0.334557640739,0.610102429318,-0.170855237719,1.95114250988,0.277511506077,-0.31910444244,0.200768848955,0.000966451795531,-8.6023410617e-12,0.0,-2.40876715857e-13,2.00794936234e-11,0.0,-5.38934236443e-14,-2.02762721422e-13,-2.84311463261e-12,-3.99872306446e-14,7.36398915751e-14,0.0,6.08040665045e-14,4.45194288917e-14,4.24969639525e-14,0.0,-3.99872306446e-14,7.36398915751e-14,0.0,6.08040665045e-14,4.45194288917e-14,4.24969639525e-14,0.0
0.0100524425507,1.26191767055,1.33414516583,1.13239852197,0.0,0.0,0.609073413382,-0.112045410432,-0.196009291852,0.485672086689,0.0471808412552,0.196543378906,0.145965346579,-1.92696969492e-11,0.0,-1.15804131906e-13,-4.93303424363e-14,1.0042319523,-0.635848451355,-0.78964263569,0.334570719553,0.610170919917,-0.170841660301,1.95745766846,0.27745241316,-0.31435635188,0.199285393382,0.00104378110021,-8.6022300394e-12,0.0,-2.40729519689e-13,2.00792715788e-11,0.0,-5.39719282673e-14,-2.02394731002e-13,-2.84305912146e-12,-4.00245135329e-14,7.30881205919e-14,0.0,6.03322712755e-14,4.41948731244e-14,4.24163330723e-14,0.0,-4.00245135329e-14,7.30881205919e-14,0.0,6.03322712755e-14,4.41948731244e-14,4.24163330723e-14,0.0
